歌曲ID,歌单标题,创建者昵称,创建者id,介绍,歌曲数量,播放量,添加到播放列表次数,分享次数,评论数,
4921500847,Hiphop说唱宝藏库,Hiphop说唱宝藏库,474348309,"介绍：	只放好听的，有好歌私信我，持续更新，一起来吧	推广投稿：J665307	",349,2667731,37229,261,61,
7106126356,“如何融化 你的冰川”,L07o,540211076,"介绍：	我们和好吧！	",52,10469,267,233,2,
4996042482,免费| beat 情歌专用,SEA丶川,2114791118,"介绍：	免费又好听的说唱伴奏，希望你们会喜欢	",860,160825,2338,43,5,
3119595459,国产hiphop百听不厌,Double_Mini,421421612,"介绍：	( 接投稿 ) 带给你非常有质感的国产说唱单曲百听不厌的好音乐每天用心更新希望大家多多收藏评论多多支持	",452,21008536,125948,4332,462,
6832467876,粉红法拉利贝贝,Dokeiii,1724091415,"介绍：	后悔离开前没仔细听你话 在抱着你亲几下	",13,100916,203,4,评论,
2991267069,别见 别想 别喜欢,TWENTY-Y,126913104,"介绍：	你坠入星河却不知苍苍人间再难遇我	",184,739118,10895,790,448,
5050058517,中国顶尖rap歌单,MorniN9_Star,1390125090,"介绍：	绝对硬货 顶级说唱 颅内高潮 you feel me？	",69,468105,5754,20,18,
5468776566,BoomShake杭州总店 HIPHOP热单,-Jackson-X-,386332059,"介绍：	杭州boomshake总店hiphop热单	",96,26983,542,32,3,
3194981757,《NBA2K20》手机版歌单,TottenhamHotspurs钟爱我刺,1749681077,"介绍：	NBA2K系列游戏的最新力作《NBA2K20》	将提供迄今为止曲目最丰富的游戏配乐，来自	Drake、 Meek Mill、 Billie Eilish、Post	Malone和 Nipsey Hussle等知名艺人的歌	曲。	所有歌曲都由2K挑选，并经由传奇音乐...	",23,59071,1063,12,36,
5305630660,旋律说唱｜余音绕梁，三日不绝,香蕉之城,415271837,"介绍：	这些中文说唱，旋律优美，可以让你单曲循环到停不下来	",25,5668,2353,0,1,
5365466961,免费drill beat 伴奏，拿走做皇家driller,DRILLMUSIC,2139129049,"介绍：	持续更新免费drill beat 因为现在做drill的人还比较少，所以free beat也比较少。	",77,49894,699,8,5,
6840493024,再狠的rapper在孤独de夜晚也会emo,苏方一杰,335703712,"介绍：	孤独是一种常态...		在你最孤独得时候，至少有这些音乐陪着你。	",45,521210,9128,2961,14,
7075053766,遇见你是我的事,2207607,1802929287,"介绍：	罗红梅会写出很好的歌	",26,116,2,0,评论,
5070011874,齁甜的情歌说唱歌单啊,illusory铁塔猫,1674021726,"介绍：	甜甜甜甜甜甜甜甜甜甜甜	",203,1285808,1189,14,2,
6583455042,《黑怕女孩》选手精选作品集,偷偷的叹了口气,1590851653,"介绍：	《黑怕女孩》是由腾讯视频出品的女性态度表达音乐养成类节目。由王嘉尔、曾轶可、马思唯、万妮达担任厂牌制作人。选手们将在节目中通过选择队友或资源组成自己的厂牌，并在厂牌经营的过程中不断表达自己的...	",100,350996,3626,48,67,
5367749471,【说唱】| 为了抒发来自内心深处的斥责怒吼,UKnlo,2087736571,"介绍：	【rap】是一种有节奏地说话的特殊唱歌形式，发源于纽约贫困黑人聚居区，后来成为20世纪70年代兴起的嘻哈文化中的主要元素		rap从最早期的词组的当中一个获得被使用在斥责，斥责发起于70 年代中期在纽约南B...	",232,380102,3986,237,617,
6823062364,说唱 | 忘掉不开心，做愉快的梦,少女的喜欢_,3277385997,"介绍：	大概是晚上你们有些小小的不愉快	第二天早上醒来	就看到了她发来的消息	治愈了所有不开心	",51,654598,719,3,评论,
6724237767,Emotional Rap：慢情绪节奏艺术,G-DDRRAAGGOONN,453482654,"介绍：	emo的中文译名就是情绪硬核或情绪化硬核，最早是源自于摇滚的一种风格，相较于主流摇滚的大开大合，emo在风格和音乐严谨性上有着更为出色的表现。而emo放到了rap当中就变成了一种情绪化的说唱，也就是现在...	",18,41003,312,5,评论,
5378529965,说唱新世代第一季,UKnlo,2087736571,"介绍：	说唱新时代全音频	",47,30452,721,1,评论,
5038659057,抒情说唱伴奏 | Chill beat,拯救wakeup,476114092,"介绍：	风格 : 温柔/抒情/恋爱	高质量:Old school/emo/R&B/lofi/jazz/Type beats	从好听度和创作性精挑细选的伴奏，希望能让更多说唱爱好者参与到创作中来	带free标的是可免费非商用使用的beat，请自行与作者沟通，...	",256,138926,3100,122,53,
6961129909,『驾驶』露营/买菜/炸街副驾专属Hiphop,Ceaoee,1368489004,"介绍：	新单慢慢收，精选日常开车最爱的chill hiphop	",52,4992,98,1,1,
5097027750,404 RAPPER ‖ HNBMC ‖ 唯有喜欢,大概是个好人a,1512623364,"介绍：	HMBNC	炬是聚 三花聚顶 久别重逢		炬是俱 同心之言 其臭如兰		所有的出走，都是为了回归		喜欢的小伙伴可以下载炬猩App		<欢迎回家>	",121,3694,86,1,6,
2581318942,催眠麦克风DRB/TDD全曲收入,yaamatokai,564646179,"介绍：	DRB企划全曲收入+对话 按时间收入	620146790 同好群	",101,628679,17187,150,82,
6751386942,浪漫Rap丨开口心动的说唱情话,少女的喜欢_,3277385997,"介绍：	最美的情话	我想要的自始至终不过一个你罢了	",86,853165,1476,12,4,
7063338183,HipHop Club常用,Big_Shun,71983390,"介绍：	不断更新。	",126,229,7,0,评论,
6682411138,Lil Nas X（李娜叉）|无重复收录,子半天胜,431018448,"介绍：	李娜叉所有歌曲，持续更新……	",29,106674,1136,6,17,
6885360017,【情歌rap】想和你陷入浪漫的无限循环,少女的喜欢_,3277385997,"介绍：	这个世界	我最偏心你	我的糖都给你	我会给你全部我的温柔	",70,225135,851,5,评论,
6854390794,甜味说唱｜微醺hiphop,饭醉小熊,3311261532,"介绍：	Skr Skr ! Rapper情话集.	",97,2703,139,1,评论,
4859348234,酷盖说唱【蹦迪必备】,MONEY-HONEY-,1998803243,"介绍：	节奏控福利～	抖腿抖腿～	无限上头～	【封面是宝贝Lisa啊！\(//∇//)\】	",105,245455,2312,37,28,
6654071246,Beattle beat丨上等好货丨freestyle 伴奏,一个EDA,374150187,"介绍：	Battle beat	都是自选好货	用的时候记得收藏	下次方便找到我这个宝藏歌单	",34,14833,2407,1,评论,
6610767556,国产hiphop从这里开始,Zxy在向下扎根,443546368,"介绍：	说唱歌手有着倔强的脾性，他们随意洒脱，却也对歌词与韵律有着苛刻的要求，玩音乐要有个性，也要有尊重。		还等什么，就让这个歌单点燃你的嘻哈态度！	",50,274737,7434,2780,7,
6816971056,FullHouse满堂2021,FullHouse满堂,4933314828,"介绍：	FullHouse满堂2021 内容已搭建完毕	",133,5257,231,14,32,
6985571702,唯有一腔诗意浓的歌单,唯有一腔诗意浓,334480710,"介绍：	给你们的福利哦，你们听不到的歌我来带你们听	",13,4618,9,0,评论,
6773453509,『说唱』清晨/日暮/落日/海风/晚霞/皆予你,肆玖新青年,383335179,"介绍：	好听的旋律说唱	每天都会增加新歌	姜云升	刘聪	乃万	黄礼格	马思维	Santa-SA / 马也	蜡笔小新	Copy / BT07_PZ	大年	林达浪	Plggu	幼稚园杀手	LKF34	前男友	王以太	XMASwu	GS.L	KaFe Fu	...	...	...!	大家点...	",308,1104984,11621,100,43,
6970792582,[Popping 练习曲] 机械律动 节奏强袭,云音乐官方歌单,1463586082,"介绍：	你的专属Popping练舞管家，每日不同练习曲等你来选	",30,732953,5431,39,63,
6981691283,hyperpop/亚比嗨歌，二次元爱好者,Blackwarrior_,1363496199,"介绍：	此歌单收集了我觉得好听的hyperpop，hyperpop风格偏向二次元和亚文化，喜欢记得点个收藏哦，持续更新！	",32,1540,24,0,评论,
6600217507,甜味Rap|甜到你心里,dazzd,381977701,"介绍：	上榜请私信	",16,230981,3351,3562,1,
5358799881,【Ｒａｐ】杨秋儒Youngchill 编曲录音作词,#NAME?,576855414,"介绍：	——喜欢Youngchill 保你不chill		杨秋儒是我很喜欢的音乐人之一啦	这个歌单包括杨老师参与制作的歌	（欢迎友友们投稿其他我没加入的歌		制作人杨秋儒！	录音师杨秋儒！	混音师杨秋儒！	可可爱爱杨秋儒！	...	",182,4853,176,24,25,
5387117658,轰炸机上脑说唱,BADKID厂牌,601348625,"介绍：	纯正好货！！！炸烂你的耳膜 不定时更新	",57,156864,1130,216,104,
7101045251,最好听的中文说唱 这一波齐了（持续更新）,浦江的吴彦祖,307490074,"介绍：	有人失眠，有人深夜听歌	凌晨三点，我见海棠花未眠	凌晨五点，你不爱我，也没人听得见	说唱是治愈我的解药	",125,10435,134,0,评论,
2356473597,“甜味 旋律 Rap情歌”,张以晨_,392078662,"介绍：	在什么都善变的世间，我想和你看一看永远		歌单支持投稿	",398,2585858,35159,450,126,
6925599784,James Harden Taste,Lucy要记得练歌呀,531145777,"介绍：	整理了哈登在Spotify上的歌单	",9,5639,385,1,7,
2423939332,旋律说唱丨循环系列,Selected音乐,1520920706,"介绍：	(接投稿)因为专一 所以专业 让你感受最动听的旋律说唱 持续更新	",730,20956774,186008,4462,531,
2689121653,【催眠麦克风】-ヒプノシスマイク -DRB,-YIMUYUZHI-,588775906,"介绍：	催眠麦克风	ヒプノシスマイク	12人男性声优rap企划	【现在多加了两组 现在是18人】		故事背景	“H历史 使用武力的战争已经灭绝...		纠纷不是以枪支解决而是干涉人的精神的方式进行。		一种名为【催眠麦】的...	",87,59101,1354,15,17,
6891587224,中文说唱最出圈的30首,zzconpro,3290028662,"介绍：	此歌单收录中文说唱最出圈的30首歌。hip hop的灵魂除了为小众发声，就是得到大众共鸣。	",30,323835,4570,243,49,
2818356120,Ice Paper冰老师无限循环,E4zc,340162886,"介绍：	容身之地up	",71,641338,10594,124,131,
6902990686,爱奇艺少年说唱企划2021【持续更新】,如果我不说唱了,513946110,"介绍：	少年说唱企划最全合集，持续更新！	",157,98845,767,5,3,
2226102118,高质量说唱伴奏(免费),黄普泽,1456681010,"介绍：	我认为好听的免费伴奏都在这个歌单！	不收费！不收费！ 不收费！	随缘更新		欢迎投歌:v: 83841859 /free beat/风格不限.		我觉得不错会收录的		网易时常不在线，建议添加wx进行投稿	",413,441389,5738,63,18,
3041430743,伤感说唱rap | 假 如 生 活 欺 骗 了 你,泡沫_sn428,346783053,"介绍：	属于我的，我怕我让给你你都拿不稳	",61,1117793,4740,1223,16,
6920428244,卑微爱情 | 卑微才行,t2vx81k4,5124196916,"介绍：	人生就像喝茶，不会苦一辈子，但总会苦一阵子	",86,518144,3233,230,4,
7040937458,OneOne王铂涵,开始总是热情,2010190004,"介绍：	在等一个王铂涵的时代	才华比颜值重要	",12,4824,153,0,6,
5272488789,屹立在悬崖边盛开的红花,yooaeee,491826690,"介绍：	聚是一团火	散是满天星	",155,138716,1423,202,12,
4879610964,怦然心动丨 颜嗓俱佳的rapper,HW98_,116783283,"介绍：	k-pop作品里总是有丰富多彩的合作曲。说到风格的混搭。尤其引人注目的就是人气主唱们与 rapper的合作，本单盘点了部分韩团主唱、solo歌手与 rapper们的作品~持续更新敬请期待	",218,380241,4132,63,113,
7026235348,这里是软嘴唇的蛋堡,大概是个好人a,1512623364,"介绍：	这是蛋堡也叫软嘴唇，亲一口就会传绯闻。		",50,82,19,0,评论,
4914616532,【jazz hiphop】浪漫与自由的共生,伊奥尼亚之音,330444254,"介绍：	爵士说唱个人理解就是在hiphop的鼓上加一些类似爵士的旋律，比如小号，低音琴，在上世纪80、90年代美国就有人做，有名的比如gang starr和the roots包括common，这会儿的爵士说唱爵士味非常重。	在本世纪初...	",70,49520,1133,24,32,
5298681099,摇滚Rockbeat伴奏未来复古朋克Punk放克,二十一樓_寂川,1524918266,"介绍：	持续更新，质量有保证！接受投稿，无收费，要求不高，有灵感就好。	力推YouTB油管中 IOF的摇滚beat，GC beats的摇滚beat，个人认为非常棒。	",261,26236,512,9,3,
6906135053,Pi'erre Bourne 制作全集,Mkuag,1411918350,"介绍：	故事开始是在纽约的一个夏天，Pi'erre 的叔叔 Dwight 的电脑上装了 Fruity Loops（也就是 FL Studio，我们俗称的水果），之后好奇心很强的小 Pi'erre 就一个人捣鼓了起来。		“我还以为那是游戏什么的。他...	",213,3089,151,3,4,
5317601347,厂牌精选 | 丹镇北京,云音乐说唱专区,3856379473,"介绍：	丹镇北京	创建年份：2016	代表人物：黄硕，梁维嘉，斯维特等	音乐风格：说唱	总部：北京		感谢pgLang对本歌单提供的帮助	",46,133751,1853,14,14,
6938713267,嘻哈女rapper！细数国内实力女rapper,一只眼睛的鹿_,1447630647,"介绍：	好想和女rapper谈恋爱，声音好有feel～爱了爱了。Nineone YYDS	",53,220721,3460,7,8,
6861444823,失眠诊所 | 藏在深夜里的秘密,KIND_CL,354868458,"介绍：	“因为没有梦想所以每天叫醒自己的只是闹钟”		失眠障碍是一种常见的睡眠障碍，是指尽管有适当的睡眠机会和睡眠环境，仍然对睡眠时间和（或）睡眠质量不满意，且影响日间社会功能的一种主观体验。	",39,545549,2736,10,10,
6708035697,【RAP】Dear God.,M7_Rye,3897820119,"介绍：	哥谭市五好居民。	不分类 啥类型也有，	",1216,14177,237,104,1,
7031780442,Rangsiz-谢普凯提江,Batur-巴图尔,111566702,"介绍：	我们喜欢一首歌 不止是因为这首歌好听	更因为这首歌承载着我们的生活和记忆	这些歌里 有着同龄人的回忆	更重要的是有着我们自己的故事！	",36,161,160,6,评论,
5283571330,旋律说唱 | 探寻灵魂深处的舒适,worldindeed,3257045722,"介绍：	Hiphop逐渐流行，旋律性的说唱更像是锦上添花。比起押韵的句子结尾，旋律更能打动听众们内心的舒适处，跟着唱起来，感受旋律说唱的魅力	持续更新	",50,340547,4311,89,24,
6797304497,FREE INSTRUMENT免费伴奏|DAWN MUSIC出品,DAWN-MUSIC,3724974052,"介绍：	DAWN MUSIC FREE BEAT CATALOGUE免费伴奏集锦	关注DAWN MUSIC并在歌曲下方评论获得使用权，	具体使用方法请参照歌词及评论区	禁止盈利/商用或视频用途/付费下载	已注册知识版权，侵权必究。	",55,30011,843,205,评论,
6942269212,为你赴汤蹈火｜饶过舌却绕不过你,Cast-Off-Music3,4987484153,"介绍：	饶过舌，绕过全世界，却绕不过你！！！	",39,130194,2311,219,13,
6750794486,*Free*beat丨new wave R&B trap（放心用 持,不知名的GWOOH,324529437,"介绍：	LIL PEEP Type丨 R&B Type丨 Juice WRLD	#使用的时候必须遵守相关beat使用规则#	·欢迎投稿丨一些优质的beat我会收录，私信投稿就行免费收录。	每一首伴奏都是我听过的 我觉得好听 那就是好听！知道你会lik...	",51,2569,132,0,2,
6600147921,甜甜的rap|睡觉前的情歌说唱,dazzd,381977701,"介绍：	上榜请私信	",16,139069,3364,3547,333,
6913969782,Rap Beat高质量R&B/melody type beat,GOATCREW,3256362431,"介绍：	爱 ，	就大声说出来！！！	浪漫至死不渝！	爱意永不减褪！	",123,4244,82,16,评论,
6654532835,[打游戏听说唱] 说唱律动是你最佳游戏伴侣,云音乐官方歌单,1463586082,"介绍：	说唱律动 Feat.超燃游戏	",30,3620960,27684,176,46,
6845259441,分手是我提的 但我很清楚是谁想走,蜜瓜夜晚,1480632146,"介绍：	.	",60,241998,2239,228,1,
5285408437,雷吉顿 | Reggaeton,云音乐说唱专区,3856379473,"介绍：	起源于上世纪90年代的波多黎各，融合了牙买加Dancehall、hiphop、电子、bomba、plena（波多黎各传统音乐）等多元素音乐形式，歌曲内容涉及街头、情感、帮派、派对等等，鼓点特点非常适合跳舞，通常采用西班...	",42,29306,431,1,2,
5251342235,A̶M̶V̶❌ ͞N͟͞a͟͞r͟͞u͟͞t͟͞o͟*edgy R̶otate,LAOYFX-Editor,3419116080,"介绍：	AMV.TRAP	死҉神҉忍҉者҉	",65,4736,279,0,评论,
2900520316,【说唱】从地上到underground hiphop,HC-zagie,1444042361,"介绍：	推歌进群等活动加v：lxqcsjwlkq1220 近期建交流群 不定期更新	",210,1076070,13981,146,100,
6910051653,高质量小众Rap｜人类高质量男性必听,饼饼今天学习了嘛,1685802164,"介绍：	想要成为人类高质量品味吗？从点进这个歌单开始，已经成功一半了。	",38,213648,2864,231,50,
7068162668,是吴子健不是吴子建,夢賢家,495136967,"介绍：	吴子健REmi 00年摩羯帅哥 多风格唱作人	一起准备动手准备动手！！！！	这！歌！真！好！听！！	",38,221,3,0,评论,
5379150831,Rangsiz(维吾尔族说唱歌手）,Yasin罒official,1967928521,"介绍：	维吾尔说唱流行歌手〖Rangsiz-Xapkat 〗	分享Rangsiz的动态 新歌速推：Yalgan	歌手：Rangsiz/Nutul/sirkul/Etraz99	后期制作：Sirkul	",37,154940,2140,14,10,
7093001092,精选说唱伴奏(适合写歌的BEAT),2022高考黑马,5190718386,"介绍：	想要登上高山欲穷千里目	回头看看赶了不止千里路	怎么越走越高越云里雾里	不如问问自己为何全力以赴	也许因为甜头刚入口	也许因为野心像是高度酒	也许因为人总要往高处走	也许最想要的东西不是到处有		这里...	",520,16672,209,10,2,
5070074208,到点了，该emo了,WATCHINGINGLOVE,303366015,"介绍：	到点了，该emo了 。自己喜欢的 喜欢就听 不喜欢就算了	",245,2564004,12521,378,114,
3119596483,中文说唱丨宝藏系列,Top嘉熙,421419695,"介绍：	MADE IN CHINA 中文说唱已崛起	",388,20384596,116557,3280,180,
6719132650,PANTHEPACK,jcole999,1521035866,"介绍：	TEAMWANG Records旗下神秘hiphop厂牌？Red Blood团体：王嘉尔.ICE.J.sheon.karencici.	该歌单专属于panthepack成员！！！	",18,59096,896,2,12,
6808527095,[宝藏歌单]国产精选Rap,Xejly,500022661,"介绍：	中文说唱！最强意境		有推荐的评论歌曲，我会看	",52,5475,188,0,2,
7056222219,丧rap | 该怎么形容你最贴切,欧阳鹏oyp,331324091,"介绍：	用什么去形容你最贴切！	用什么跟你比较才算特别！	",52,319404,5353,0,评论,
2787072920,超舒服的说唱伴奏（Rap Beat）,乔治不开心,1322246346,"介绍：	最好听（舒服）的beat，都是用最简单的制作手法！尊重每一位制作人！	Ps.封面来自互联网，侵删	",231,633901,10563,129,48,
6898340923,一个天枰座的听歌列表,ix546l,5061247818,"介绍：	天秤座介绍：天秤座的性格揭秘. 天秤座 的人温柔、娴雅，你需要欢欢乐乐地生活，需要忠贞不渝的友谊和爱情。. 随和与顺从是你性格上的主要特点。. 无论对天秤座的男性还是女性，都可以看到这些难能可贵的女...	",84,1098132,3574,267,52,
6833308569,请往前走，不要在此停留,苏小安,48113,"介绍：	在人海中相遇，在人海中走散，不管留下的是无限的怀恋还是甜蜜的回忆。以后的路还长，愿我们都有值得开心的明天。	",82,394353,5984,59,123,
7085854799,HipHop Tuesday VXIX,MoMo_V,276512340,"介绍：	HipHop Tuesday by MoMo.V only @Space	",13,69,12,5,评论,
5373121567,制作人合辑 | D.A. Doman,云音乐说唱专区,3856379473,"介绍：	Tag: “D.A got that dope!”		David Lewis “D.A” Doman，艺名现已更改为自己的制作人水印“d.a got that dope”。 Tyga， Eminem御用制作人。		出生于1984年8月3日，是一名来自美国伊利诺伊州芝加哥的唱...	",42,9503,167,1,2,
3226329841,$黑人RAP｜开口跪$$炸耳经典黑人,匪帮说唱$,Elzat埃黎閘,406421625,"介绍：	嘻哈（hip hop）诞生于美国贫民区街头的一种文化形式，一般的说法认为它诞生于美国纽约布朗克斯。		嘻哈首先在纽约市北部布朗克斯市区的非裔及拉丁裔青年之间兴起，继而发展壮大，并席卷全球。		2018年1月...	",1840,138762,1664,32,8
2721633452,rap伴奏！免费用–,Begita-,1402795052,"介绍：	★	需要投稿的可以联系我	",1171,97085,1342,18,5,
5063641399,说唱｜叼炸天，旋律氛围系列,灵魂诗仙,1426292524,"介绍：	旋律氛围系列，每一首都是精选，不定期更新		",36,13083669,49712,3705,462,
7027574659,WA$ GOOD（帅哥版）,艾尔文小队长,328484473,"介绍：	大家好，这里是WA$ GOOD！很高兴认识你们！	@Alvin艾尔文 @Victor @Lil Tearmole	",30,47979,1002,220,评论,
5237003123,Doggie叨叨,诺亚大人,1345905553,"介绍：	莽莽的zeng楞亮！	猛男叨叨！	D-O-G-G-I-E！Doggie！Will be the king，be the God，be the rap star!You kown that?	世界从不黑暗，永远皓月当空！	",14,25727,275,0,3,
5351538447,编辑精选Vol.51 | 冬日序曲,云音乐说唱专区,3856379473,"介绍：	我宣布暖气封神，谁同意，谁反对？（盯）	",577,194420,1121,11,6,
5310909704,丧rap说唱 | 我知道你不爱我,剧终人散以后,2136251484,"介绍：	喧嚣如果不停，让我陪你安静	",56,372139,2799,1846,2,
6623459511,流行说唱：饶舌风暴来袭根本停不下来,半眠two,554690582,"介绍：	Guy，愿你：		永远温柔		永远清醒		永远难以亲近		－—－—－—－—－—－—－—－—－	第一首歌为置顶	半眠two®	",122,372841,3885,36,10,
6600143502,甜系rap|甜到你心里,dazzd,381977701,"介绍：	上榜请私信	",16,530614,3343,3591,1012,
2723340897,hook好听的华语说唱,wabbbbbi,281759207,"介绍：	HAVE A NICE DAY: )	欢迎来挖掘宝藏		推荐album:	• 刘聪 - KEY to L	• 王以太 - 演.说.家	• 安全着陆 - 安全自救手册	• AR(刘夫阳) - 非流行说唱	• 瘦子 E.SO - 灵魂出窍OUTTA BODY	• Jony J - 24時...	",929,520067,8498,93,51,
7067950752,WLAN Forever,Vison橙,565289212,"介绍：	把我们爱意像WLAN信号一样传播	这里是WLAN说唱团体	",71,130,9,5,评论,
4964806727,「新生代」蒙古说唱,BaynErhet,378028169,"介绍：	封面是；蒙古国 Uka 和 Don Dior 		蒙古说唱 新秀	Don Dior，Vandebo，Thunder Z，Ginjin，Maaraa，Roockie.，Fla，AM-C，Mrs M，Loce，168，Wolfizm，Wondha Mountain	",289,71978,1297,16,3,
5453524660,青春狂想曲｜要在快乐的年纪活的精彩且迷人,陈笑一Joylyn,392535778,"介绍：	日子总是有意思的	了无生趣的	是打不起精神的你	",349,258470,3234,61,44,
6600146129,Rapper浪漫情歌,dazzd,381977701,"介绍：	上榜请私信	",16,132554,3275,3556,634,
6691573430,二次元亚逼emo rap/New wave/亚trap,江鹤眠_,1704939149,"介绍：	你是我触手不可及的虚拟.	",225,4597,92,0,评论,
6804462348,“rap 讲情话 悸动的感觉.”,pp稀饭章鱼哥,3295194610,"介绍：	甜甜的恋爱只和你谈	",217,29507,274,9,9,
6915970169,彝区说唱 彝族说唱 凉山说唱,沈学风,1647203341,"介绍：	为你推荐优秀的彝区说唱	",95,2027,22,0,评论,
6957131349,Flow很好听的旋律说唱,少女的喜欢_,3277385997,"介绍：	Flow很好听的旋律说唱	",175,168872,7060,9,评论,
7030468078,Freestyle beat,Niyuu_Childe,1462119662,"介绍：	第一步：一个简单的开始		即兴说唱的开始一般都很简单，你甚至没有必要押韵。忘记所有什么节奏啊，押韵啊，只要让自己的词句不要停，你的节奏感可以很差，你用的词语可以使小学二年级的水平，但你确实是在...	",64,2228,131,38,10,
5106401942,贝贝开着粉红法拉利,Rest72_,1835719964,"介绍：	持续更新	",62,1070537,10925,58,13,
2985681430,你讨厌坏天气-Plggy小著,名曰酷盖,560267969,"介绍：	是神仙男孩，希望大家喜欢		小著，要加油	",50,240478,3209,76,55,
5284723914,EMO/Melodic/Rap/Trap,野沢氷,436853280,"介绍：	建议随机播放 没有歌词的歌有时间会上传歌词 封面本人	",454,204484,2832,280,101,
2822923425,Rap宝藏歌曲 小鬼Jony J 福克斯 朱星杰 等,oreo灵,412695330,"介绍：	不喜欢的别评论 别在这里展现你的素质	喜欢的收藏！ 谢谢	",221,4537974,60290,476,840,
5395488578,[一周欧美说唱] 枪姐联手Push拉开新专序幕，果汁遗作重现旋律荣光,云音乐官方歌单,1463586082,"介绍：	编辑精选欧美说唱新歌	每周五更新 收藏订阅 一起SWAG！		",50,4578666,29373,146,86,
2195781651,不知名选手au,点击的秘密,391652836,"介绍：	魅 力 男 孩 u 桑	",446,2553997,43383,244,86,
2119378458,前方注意！精选高甜【rap】请签收,Ji_s0o,1383536319,"介绍：	饶舌饶不过你	甜心不过是你		这个不mf接投稿	接投稿	",310,15889356,234801,2589,1009,
2981923614,NBA 2K20 安卓版背景音乐,Emis_Killa,1681491371,"介绍：	喜欢2K20的朋友可以来听一下！		暂无版权©：		We Came to Win		Ran Off	",25,152937,2097,13,28,
6813189503,姜云升升升 将匀升,Tases_Sir,1394287574,"介绍：	姜哥的说唱合集...	将匀升..................................	持续更新中.....	谢谢大家喜欢！	",90,5399,208,5,5,
5334699053,高质量情歌RaP,等到那个女孩了,1660006246,"介绍：	适合随机播放	",502,59029,811,5,2,
5280347741,Rap beat| 说唱伴奏| 单曲循环,妮妮是个小孩子,2142297440,"介绍：	已经被生活的不如意喂饱了	",76,318165,1770,935,评论,
2436480281,越聽越喪的說唱（持续更新）,唔系NOFACELD,1432776188,"介绍：	物极必反定理 丧得久了就会笑了	擦干泪水 勇敢面对	深夜歌单 勿过度剖析	可私信投稿更新 按质量进行收录	",139,391144,4736,56,30,
2701448439,中文说唱⭕众口难调,3shMoneyAp,449479492,"介绍：	不客观目录，喜欢就多听点，纯属个人喜好	",353,1023416,11569,591,18,
1991712926,私奔還是約會？｜私藏说唱,怡爆炸,363704120,"介绍：	“今晚就私奔 我和你”	",593,48884,2640,23,11,
7010349262,俘获听觉——沉浸式Rapper柔情思绪！,欧阳鹏oyp,331324091,"介绍：	不断更新，欢迎投稿！带大家感受Rapper们的深情对话！	",82,3401542,10437,43,21,
3168958322,据说真的有神 一定是木秦本人,B612-ble,1813832172,"介绍：	2019年的最后一天关注的木秦	一个积极向上的女孩纸	粉色苏打是我听她的第一首歌〔也是从这首歌开始听安着的〕	那天整个晚上都在听你的歌	每首歌都很好	希望你能成为我的铲子	",40,95695,1043,5,9,
6993986864,欧美黑怕 | 街头，态度，自由再到格莱美,马可波罗堡-,4970468530,"介绍：	总有人会问 黑怕到底是什么？街头？涂鸦？自由？真实？说想说的话，做想做的事，那么这些对吗？	",78,119984,2205,220,1,
7058093910,日语 | 说唱是一门语言艺术,式微何归z,1606584194,"介绍：	你在我身边也好，	在天边也罢，	想到世界的角落有一个你，	觉得整个世界也变得温柔安定了。	",25,90,2629,2,评论,
7114063750,满足(•̀ω•́)✧周五拍了拍你说周末愉快,夏天种花秋天晒太阳,1461603447,"介绍：	​“每到周末，我就变回了小朋友。”	“工作日开始，我就又变成了只会吃数据的大人”	",45,365251,2848,57,131,
5466179178,小众说唱伴奏”帝国“,C9_Offical,308688094,"介绍：	小众说唱伴奏”帝国“	",53,366709,7343,15189,326,
5369148099,【精选】Boombap Old school说唱伴奏 Rap,西蒙的孩子,1464389727,"介绍：	精选优质的 Boombap 伴奏		各位Rappper 抓紧收藏		持续更新—狠货源源不断		制作人们拿出优秀的作品踊跃投稿	",12,41620,506,228,评论,
2836031952,宝藏rap合集,Six-coco,1528774365,"介绍：	rap一下 rap一夏 rap一下又一夏~	",369,25417,361,1,5,
6813607109,Travis Scott !!!,HC-zagie,1444042361,"介绍：	钩子一反 听Travis Scott更带感 推歌v：lxwcsjwlkq1220	",67,18188,234,0,评论,
7081872219,NEW WAVE冷门小众国产说唱（持续更新）,CTKidForGoat_Official,288237988,"介绍：	国产小众rapper高质量作品合集，点赞评论加转发（新时代auto tune）	",15,64,4,0,评论,
5453650077,「韩国黑泡」嘻哈文化大热 绝非空穴来风,derAugensternx,276378013,"介绍：	对于嘻哈 总会有人存在误会和曲解	“太吵了”	“没什么营养 歌词还听不清”		但泡人的嘻哈精神	细细品味后 又有谁不会真香呢		南韩除K-POP文化外 现如今嘻哈文化的盛行也已不容小觑	各类综艺节目层出不穷 ...	",70,182110,2738,35,52,
6735795475,听rapper说情话，甜到你心里,Cast-Off-Music3,4987484153,"介绍：	【甜系rap】听rapper说情话，甜到你心里。	",128,532113,7468,273,41,
6603583178,祝你，我，世界安好！,日常爱闹和爱你,561790994,"介绍：	抽根华	",48,515540,2402,156,3,
6589049163,BOOMSHAKE丨微醺Hiphop,tan4ko,105735227,"介绍：	酒精允许一切情绪	",152,1033421,16812,301,42,
6732462009,你过来呀！给我亲一下♡﻿甜系RAP心动狙击,爱吃麻酱的甜菜公主,380597807,"介绍：	砰！丘比特朝我的心脏开了一枪	问我，要奶狗还是狼狗？	小孩子才做选择，成年人两个都要！	",41,239982,2535,33,20,
6934920658,福州大学FMC原创音乐歌单,钥匙年KeyYear,413751646,"介绍：	更多原创音乐在我们的个人主页～	",41,1800,105,14,1,
5379938418,制作人合辑 | Hit-Boy,云音乐说唱专区,3856379473,"介绍：	Tag: “Hit-Boy!”		本名Chauncey Alexander Hollis，生于1987年5月21日的加利福尼亚州。2011年5月与Kanye West的G.O.O.D. Music厂牌分支签订了两年合约，由此开始热单诸如Jay-Z和Kanye West ""Niggas in P...	",69,15030,146,0,1,
6869129948,僵尸姜云升歌加上beat,朗月路,1433981399,"介绍：	姜云升最全歌单（确信），音质都是能听的	",138,4244,207,6,3,
6979619569,御宅kids // 在动漫影响下 > 重组说唱形态,#NAME?,10641781,"介绍：	在""动漫“的影响下，这些说唱歌手将二次元的元素融入于自己的作品之中。歌曲中谈及的内容转而是查克拉，元气弹，魔法阵等等。慢慢催生出 - 我称为 “御宅说唱” 的形态，尽管还没有这种说法，但是你可以从...	",46,548,18,0,评论,
2207111018,不火但很好聽系列說唱,GT03-,318195266,"介绍：	各種不同風格旋律好聽的說唱沒事戴上耳機多聽聽	",805,1079251,15937,250,370,
6913850313,态度说唱 ‧ Soul rap ‧ 它让焦虑全部瓦解,酷洛米大人的飞行笔记,3949135857,"介绍：	Hip-Hop Saved My Life！	说唱是有力量的。它的灵魂也许就是淡淡地讲，狠狠地唱，唱出心中所想，唱出社会不公，说唱有它的态度，是和平与爱，是Peace&Love。	一起感受Rap in China！	",35,201674,2445,25,38,
6952442013,[Z世代说唱] 在节奏中感受Z世代的嘻哈力量,云音乐官方歌单,1463586082,"介绍：	90前的说唱歌手大多早已登入封神殿堂，90后的说唱歌手多数也成为业内代表人，满载00后说唱歌手的东风列车也已经悉数候场，有的说唱歌手潜心学习，时刻准备着展现自己的作品，有的说唱歌手也早已登上评委席...	",30,433312,2620,26,15,
6751729609,中国HipHop Music /中文说唱/Rap,flango,2069661587,"介绍：	中国Hiphop music	优质中文说唱	",52,28424,366,2,1,
3036328969,说唱精选‖emo旋律励志炸都喜欢不纠结风格,孟琦爱吃辣,581839272,"介绍：	说唱的很多风格我都很喜欢	好听的歌曲也不一定需要999+1w+	歌单收录说唱各种风格	炸的 emo的 旋律的 励志的 等	只要是高质量的歌曲都会收录	欢迎投稿高质量歌曲	发觉那些不知名rapper的歌曲		",204,13368669,85405,2183,38,
6941108017,「 Jazz Rap 」你会跳舞吗，我不会,Candytone,3922804768,"介绍：	当再一次遇见你，我就明白这是在梦里。	",169,5110,149,0,评论,
2939629367,小精灵real,#NAME?,92023786,"介绍：	活死人 ｜暗黑硬核说唱歌手	",48,58366,1275,6,21,
2532736518,走心旋律beat｜beat中包含的美妙旋律♥,皓皓_2022必上岸,509147384,"介绍：	适合写走心旋律的beat 做出好的音乐	千万别辜负了音乐对你的期望 填词前记得和制作人联系版权问题	有点投稿信息没有回复是因为没看到，宝贝别多想！！	臭宝们，爱你们！喜欢歌单收藏一下！我会持续更新！	",714,382135,6073,151,27,
6752221322,“你真的甘心错过吗？”,于懿1,1669960899,"介绍：	我时常问自己是否真的听懂这些歌，为何总是揪着过去不放手。我真的不甘心.....可又有什么用呢？前方的路漆黑一片，不知道危险躲藏在哪里，只剩我一个人被孤独无限拉扯。		我真的不能想象没有你的未来........	",108,2495112,11733,567,124,
5277030255,Rap beat | 优质说唱伴奏,欲望始终难抵你,2135907891,"介绍：	肯陪你的人很多，但陪你到最后的很少	",73,151942,1026,1203,2,
7042945337,『浪漫rap』队长/刘思达/JonyJ/是告白的歌,肆玖新青年,383335179,"介绍：	队长	黄礼格	夏之禹	Jony J	你的大表哥曲甲	沙一汀	楊佬叁	廖效浓	刘思鉴	...	...	日更	一人一首浪漫告白情歌	",166,265715,1416,25,6,
5307311750,说唱伴奏|RAP BEAT,GOATTA,449480790,"介绍：	真正好beat / 国内最有真材实料的beatmakers都在这	",371,508149,11531,3581,4,
3137613436,Free rap beat/免费说唱伴奏/type beat,泉州网友小李,1691096930,"介绍：	#自行选择 禁止商用	#投稿私信 关注白嫖	#商用需自己联系作者 谢谢配合	",4557,46610,570,8,1,
3023950448,姜云升（僵尸）｜灵魂终结八部曲,今天给波吉加冕了,1374412716,"介绍：	姜云升的灵魂终结八部曲，每一次听都很有感触，词是真的写的好 	《毕业典礼》 	给自己取名叫僵尸即便他们说没有型 	因为在游戏里僵尸头被打掉步伐也没有停 	《淹没》 	嘴里说我知道我明白我会照做心里说死...	",45,361845,6397,55,29,
6894926929,网恋教父Rich Brian,Wa1tVvy9,280517349,"介绍：	网恋教父七哥，甜甜的鸭！！	瘦骨如柴，行为古怪，他把现实中的残酷、痛苦转化成正能量。5 年前，年仅 16 岁的他和一个黑妹网恋，在菲董老司机的挑逗下，七哥在谈及这段网恋经历时十分羞涩且纯情，分手之后...	",81,25118,362,0,13,
5277092168,﹅RAP BEAT﹆精选 | 说唱伴奏,一片孤叶行舟,1920909079,"介绍：	万物本都是相互辜负	",117,335364,1735,2235,评论,
4908666294,EMO RAP 情绪说唱（国产）,H百分之60,1835927631,"介绍：	emo时间到！我落泪情绪零碎！我落泪情绪零碎！我落泪情绪零碎！我落泪情绪零碎！我落泪情绪零碎！我落泪情绪零碎！我落泪情绪零碎！我落泪情绪零碎！我落泪情绪零碎！我落泪情绪零碎！我落泪情绪零碎！我落...	",1073,95036,1432,29,20,
5474914023,前方高甜！rapper们的情歌收录！[5.20特辑],JossJoy,1605617325,"介绍：	今天你“恋爱”了吗	快来让音乐带你走进爱的港湾吧	",48,1561904,23394,2088,37,
6901004184,江湖系中国风说唱伴奏【RAP BEATS】,RONIN-MUSIC,5011035536,"介绍：	人再怎么苦里熬，	不应当忘记谦和与傲骨。	",35,86976,3574,1,2,
4910716822,情绪英文嘻哈｜Emo Trap R&B,WhatsUpRAMS,325767093,"介绍：	主要收集情绪向嘻哈音乐，以trap和r&b为主，本歌单持续更新，请关注：		情绪陷阱 Emotional Trap	旋律陷阱 Melodic Trap	流行节奏蓝调 R&B	",121,34984,518,7,4,
6600101145,浪漫说唱|撩动你的心,dazzd,381977701,"介绍：	上榜请私信	",17,256585,3271,3586,320,
7086143391,华语嘻哈丨东方Rapper散发魅力时刻到！,全球晚睡大赛冠军,3304237970,"介绍：	每个说唱歌手都有自己的风格，不同的rapper，他们的歌曲各有千秋！但他们的歌曲，都像极了诉说着自己的故事，一起来领略一下我们国产rapper的魅力吧~	",24,67,2,1,评论,
5443776502,cheatcode-lil york mixtape No.2,Najeremy,546466019,"介绍：	lil york 2021 第二张唱片登陆网易云了喜欢的朋友可以留言分享收藏三连击，谢谢 shut out to cheatcode cc 4 life slat	",5,100882,2047,0,评论,
5395214137,trap，hiphop合集一 | 嘻哈一种生活的态度,Wdtfts,262060227,"介绍：	""生命是一团欲望，欲望不能满足便痛苦，满足便无聊，人生就在痛苦和无聊之间摇摆。""	",125,65388,905,7,12,
3035129054,中文旋律说唱TOP30.给你最温柔的力量,程禅关,345418659,"介绍：		要列新歌单了，希望各位粉丝歌手多多私信推荐和自荐！		直到2019.10.19为止，中文说唱市场仍然在蓬勃发展着，在歌曲中如果有听众热爱的旋律部分，歌曲会更受大部分人的喜爱。我筛选了30首各有特点，却同样...	",30,510197,5714,49,34,
5432222238,【甜系说唱】想和你陷入浪漫的无限循环,贝塔芝麻,1461112363,"介绍：	我不会去陶白白那里搜你的星座，我会花大把的时间去慢慢的了解你，一个作为独立个体的你（这段话摘自某社交软件）	这个歌单里可能有那么几首歌不算是甜甜的情歌rap 但歌词很好	大家可以在评论里写下自己想...	",194,1037503,15157,416,55,
2393702127,中文Melody Rap | 旋律说唱 | Emo,轻闻念独亦,1531436270,"介绍：	在旋律中感受自由	",179,233312,3660,63,17,
6854542277,【周杰伦风格 Beats合集&说唱伴奏】,RONIN-MUSIC,5011035536,"介绍：	个人整理的周杰伦风格说唱伴奏，希望你能喜欢！	",27,185563,3468,1,评论,
5323927420,姜云升全网最全歌单.,姜云升好随意,1789782907,"介绍：	该知道的都知道了，不知道的慢慢了解	姜云升的歌都有啦，现场和发的歌下架的都有，建议搜索听哦	喜欢的收藏加关注谢谢各位，持续更新	",177,3963,301,2,1,
6684635510,『旋律说唱』节奏中感受潮流,小软溪,1418990258,"介绍：	我们活在纷乱的世界，	每天看到虚伪的假面，	只有说唱，能让我忘乎所以的宣泄。“	",83,2103248,3703,14,6,
7032621004,说唱Beat | 伤感,Kaysarofficial,1763508263,"介绍：	说唱Beat每周更新喜欢可以收藏！	",183,653,9,0,评论,
5230580605,甜度超标｜表达爱意，用rap的方式,脱离地表,59402966,"介绍：	“和你一起环游世界拍照，就是一口气做了三件最爱的事情”	只想与你分享甜蜜	",54,1067804,4830,13,13,
7043406784,最怕Rapper唱情歌|一键心动|甜蜜狙击,风水轮流转到我了,1517065126,"介绍：	小事随便闹 大事往我身后靠 我永远在你身边 听你讲 为你撑腰	",37,372,6,0,评论,
6742718685,高质量旋律说唱 | 单曲循环系列,小小小小小阿宁,1536880752,"介绍：	自己整理出来的高质量说唱歌曲，旋律都挺好听的，希望大家喜欢	",97,27941,982,103,34,
2394125021,请随机播放，切歌算你赢,codeacme17,335823191,"介绍：	支持歌单合作.	",702,12692174,213671,3292,2407,
6749714143,挖掘宝藏｜好听不火的宝物,putridus,368100309,"介绍：	收集外国好听但不火的好歌	(收录时网易评论未破300+)	各类音乐都有，建议随机播放	",51,5084,143,31,1,
2695101341,[拒绝瞌睡] 跟着节拍抖腿的嘻哈音乐,原创君,201586,"介绍：	抖腿说唱 / 专治各种瞌睡	戴上耳机 我就是这条gai最酷的崽	",30,10022576,79028,542,153,
5037931817,「女声Rap」 优雅不失态度的国产酷女孩,音乐变革者-,1508759381,"介绍：	很多人感觉说唱在中国并不是很大众	但其实他们在一个我们看不到的舞台上展示，而在这个舞台上，女性是一个非常特殊的存在，	就像是街舞舞台上，多人数的关注都会放在男性dancer身上，	所以观众对于女性rap...	",69,367637,3520,82,18,
6660354159,R&B旋律or超前new wave beat 刺激你的flow,emoboi3,1287308149,"介绍：	欢迎投稿——投稿请私信	欢迎交流——交流请私信	欢迎合作——合作请私信	",154,1109371,8230,12,9,
6623298175,Rap｜带入感太强已经开始拽了,绉州,1739759477,"介绍：	再™emo一枪蹦了你	",147,2369637,34161,421,164,
6720882647,炸翻全场Freestyle说唱伴奏/Rap Beat,说唱少女101,3372680209,"介绍：	今天你Freestyle了吗	",50,57379,452,5,评论,
4976873518,中文说唱 —心之所向 素履以往,江辉巨,1908270118,"介绍：	让说唱给你一记强心剂	",23,151543,191,3,评论,
5000396213,老番茄《落地窗》上线！,山岛梨,3245901433,"介绍：	阴阳怪气男团友谊长存✨	中国boy《小丑马戏》	老番茄《落地窗》来啦！	",39,361198,6071,24,239,
6853722910,CHILL RAP / HIPHOP,nkcalb,87260517,"介绍：	TRAP / OLDSCHOOL / UPDATING	",149,39919,1116,24,6,
6641728258,新浪漫主义|让女生一秒心动的说唱甜诗 持更,韩卓轩i,1916643530,"介绍：	“你的身边没有骑士，你就永远是我的公主”		“你的手里没有玫瑰，你就永远是我的王子”		“你不认为我们两个志趣相投的人各自游荡是一种浪费吗？		“独自一人才算游荡，两个人总会有个目标，比如，爱你。...	",134,96598,1152,74,53,
6759153319,【rap star】 令人震惊的国人说唱,不好好学习不睡觉,310038769,"介绍：	收录了近几年中文说唱圈内的部分优秀作品 salute!	",69,24026,257,4,6,
6901120332,【说唱伴奏】悲伤氛围拉满的beat,RONIN-MUSIC,5011035536,"介绍：	“希望有万事胜意的运气，如果没有，希望能有化险为夷的能力。” ​	",49,214891,3734,5,3,
6938479113,甜蜜说唱 ：心动到小鹿乱撞,一只眼睛的鹿_,1447630647,"介绍：	他一眨眼 温顺的小鹿有跳动一下 柔软的暖风有轻拂一下 遥远的星星有闪烁一下 我也有心动 却不止一下。	",60,317489,4342,20,7,
7119022792,『中 國 说 唱 』给你你想要的,-甜饼怪BABE-,484356241,"介绍：	中 文 说 唱 崛 起	",630,15316,2558,1,评论,
6616811098,Rapper说情话,leicoattraversiamo_,534388127,"介绍：	Rapper说情话 Rapper说情话 Rapper说情话	",20,11750,232,26,2,
6945850699,【RAP】甜甜的戀愛循環,Cast-Off-Music3,4987484153,"介绍：	戀愛循環播放，一直在循环播放。	",28,121777,2118,216,5,
6755056846,「中文说唱」因你而在的梦,理想星野,343511029,"介绍：	” 要做一个让人清醒的梦	而不是沉溺其中“	--因你而在的梦	",48,2959,77,0,评论,
5173150903,$tonerTito（StonerTito）,Hunt-Didi,1468662864,"介绍：	歌单曲目是由抖音用户StonerTito 推荐！我只是一个负责整理的搬运工！！哈哈哈哈哈哈哈哈！随缘更新，也还是会很快更上节奏的，除非疯了把抖音给卸载了	",704,26576,878,8,7,
5393490798,FREE BEAT丨超高质量丨免费伴奏丨持更,一个EDA,374150187,"介绍：	不局限风格，持续更新，投稿私信	欢迎制作人投稿，必须保证质量		投稿要:求一人一次最多1个伴奏	Respect所有Beat Maker		不在乎数量，严选高质量伴奏	不是所有的freebeat歌单都是冷门高质量	PS:都有耳朵	听...	",395,2278647,6070,931,33,
5047368596,一个双鱼座的听歌列表,來自十九層地獄__,1820603615,"介绍：	总有一天，你会在我的世界里下落不明，我会在你的世界里杳无音信。	",155,505405,5232,729,10,
2686691097,国内那些你没听过但很猛的rapper们,TrippyFriend,110690798,"介绍：	多多少少带电 不听勿点谢谢 推歌私	",1009,1020926,34434,3608,192,
6600158503,撩人心律|走心说唱,dazzd,381977701,"介绍：	上榜请私信	",16,130496,3351,3605,346,
5208047693,精选旋律说唱伴奏/免费伴奏/R&B/Chill,VanityBeat,1467381692,"介绍：	最好听的旋律说唱伴奏歌单 希望大家开心选用 做出最好的歌曲 欢迎投稿	持续更新中	Peace&Love	",114,230221,2407,77,7,
7059354366,【21/12/17】山城男人巡演贵阳站歌单参考,煎蛋艺术空间,50722181,"介绍：	以现场为准。煎蛋君微信号：fm10969	",188,78,5,0,评论,
5074544736,♥︎Rapper♥︎也太温柔了吧,一片孤叶行舟,1920909079,"介绍：	没有人可以左右你的情绪，除非你同意	",79,1659651,5944,1279,14,
6856989327,弹壳/K9999,CHAELIN_李彩麟,566464495,"介绍：	弹壳/K9999	本名刘嘉裕	1992年生于广东汕头	曾就读于西安音乐学院电子音乐工程专业	优秀的说唱歌手和Hip-Hop音乐制作人、推广人	09年开始接触说唱音乐	凭借自身出色的天赋和努力	成为中国说唱New Schoal领...	",20,23707,67,0,3,
2579371743,中国厉害丨旋律说唱,进阶的耳朵,421430004,"介绍：	你想要的你想听的都在这里中国hiphop最强旋律合集每一首都是精选	",518,11978958,129315,2330,529,
2905689294,心动Flow · 天菜系男友嗓,蜜糖男孩,1650191296,"介绍：	最近看说唱综艺，发现了许多宝藏男孩！就连听个华语男嗓都是恋爱心动的感觉，撩人十足。所以打算把积攒许久的男人都一次分享出来！		喜欢一个人代表他是你的菜。天菜，毫无疑问指的是你最欣赏的那一颗！可...	",62,676610,5234,63,49,
7017290412,Rap | 中韩说唱 ｜ 温柔如风,Lxxx_Zyl,3584656933,"介绍：	持续更新	",242,275,9,0,评论,
6816961969,想成为rapper、,林池恩ov,2083716995,"介绍：	rap rap rap	",85,4467,207,0,评论,
6862602894,[中文旋律说唱] 旋律与节奏撞出轻松惬意的时光,云音乐官方歌单,1463586082,"介绍：	试穿合身的衣服时	被夸拼好的积木时	沉浸自己的世界时	买到刚出炉的点心时	赶上刚进站的地铁时	遇见聊得来的朋友时	看见遍布天空的夕阳时	窝进干净温暖的房间时	感受没有噩梦的夜晚时	你都可以点开这个歌单...	",30,2202155,16722,116,35,
6950428911,国产emo说唱 | 没人能感同身受,十二月的雪_026,2103569167,"介绍：	短短一生，爱什么都不为过，放弃什么都没错	只有有事的时候，人才会说自己没事。	",93,2356914,10200,54,22,
5455105526,超神韵脚 抓耳旋律 爆炸说唱,终能熬过一切,1537060840,"介绍：	derrrrrrrrrrrrrrrrrrrrr～	",445,364978,4391,239,33,
5207968845,国产神仙说唱歌单,晚安清清_,545262981,"介绍：	一定要找个喜欢hiphop的男生当男朋友 不然他会说你听的这都是什么鬼	",89,58676,649,4,5,
6703346845,“此刻我只想听一些安静的歌”失眠歌单,SurpassMusic,4917056566,"介绍：	工作了一天，该有个属于你自己的世界了。	欢迎投稿，持续更新	",17,356549,400,0,评论,
6590733655,尽情享受说唱rap的乐趣,银河系distance,3894361304,"介绍：	rap联盟，欢迎加入	",81,632308,4308,108,1,
3057092643,EMOBEAT 情绪的共鸣,DontWorrySirenHere,2024557469,"介绍：	每天都要有个好心情	不接投稿	",99,149573,2561,523,11,
6878233037,Yzz混音作品节选（持续更新）,Yzz李轶哲,1292350804,"介绍：	Yzz混音作品节选，歌单创建于2021.07.24，持续更新中，欢迎收藏。	",15,38491,1063,229,7,
6919282294,Hip-hop | 又拽又酷的小姐姐歌单,WUlian_M,363927481,"介绍：	——想要尝试辣妹拽姐不要错过——	",49,95053,1111,18,4,
6595934451,小朋友们 要一起成为并肩而立的大人呀,宁遇夏,389547363,"介绍：	小朋友其实也有烦恼	只是他们没办法发朋友圈 ​	不像我们这群大小孩儿	还可以打开网易云听听歌		我们都一样 一边崩溃一边自愈	每个年龄段都有每个年龄段的压力	但我们要学会调节自己的情绪呀	希望我们都能...	",50,209351,2208,43,19,
6816005335,甜甜的宝藏女孩必备的rapper情话,Cast-Off-Music3,4987484153,"介绍：	甜甜的宝藏女孩必备的rapper情话	",98,778754,8349,284,42,
6835124022,节奏Rap｜运动一夏 健身必备,这条平凡的狗_QwQ,109390499,"介绍：	随着近几年人们生活水平提高…	越来越多的人喜欢上了健身…	但是健身本就是枯燥乏味的过程…	过程虽然很辛苦…	但是只要坚持就会得到想要的回报…	健身不光是身材上的变化…	更多的是内心的变化…	让你由内...	",54,283582,3023,37,11,
5314269249,欢迎来到亚文化的世界,食人咩咩羊,1955798361,"介绍：	請 隨 機 播 放.	",139,22309,644,10,8,
6902503885,姜云升未上架歌曲及语录,祝我们重逢在这个夏天,1875906082,"介绍：	该知道的都知道 不知道的慢慢了解	\没有顺序 按先后添加 不喜勿喷 及时下载	",20,4942,144,4,评论,
6874870052,Ballstudio‖美式艺术,Jiu9Yo,602203026,"介绍：	运球节奏控/全场carry/美式训练/美式集锦/专用#空位＃分位＃小前＃四分卫＃防守尖峰＃通用 音响耳机都建议教堂模式 不定时更新ing It never be closed	",106,2791,52,3,4,
4961918294,匪帮说唱丨强劲鼓点痞气十足,孔圣爷,117674583,"介绍：	欧美大佬们数次在嘻哈界独占鳌头的曲目，其中包含：硬核风格、西海岸风格、TR-808节奏鼓点风格、Trap陷阱说唱风格、freestyle风格、等等！	歌单不定时更新中......	",66,78043,992,76,6,
5290830261,让你心动的说唱伴奏rap beat,ZiJianHan,271715824,"介绍：	说唱是流行音乐的一种表现形式，是指有节奏地说话的特殊唱歌形式。发源于纽约贫困黑人聚居区。它以在机械的节奏声的背景下，快速地诉说一连串押韵的诗句为特征。	",44,99983,1681,2,2,
2840884575,和风&匪帮trap 炸翻你的耳膜,GOCHEN4L,255967454,"介绍：	Trap是90年代早期在美国南部形成的一种嘻哈音乐，是一种炫酷、街头、随性的嘻哈音乐，特点在沉重的808鼓，2倍、3倍加速或连续奏出的hi-hats（踩镲），以及用铜管乐器、木管乐器、键盘乐器创造出如电影插曲...	",369,500621,7723,145,52,
5310305988,抒情的说唱伴奏 （Rap beat）,柠檬味的TEA_,2098334511,"介绍：	秋月春风再美，都不如你让我沉醉	",132,1022261,7305,1886,10,
6742174395,小姜的浪漫主义,小葛爱刀削面子,1941569398,"介绍：	＂该知道的都知道，不知道的慢慢了解”	",47,1009934,12170,99,50,
3086342439,夜間兜风 | Urban Contemporary,biliibilii,118381058,"介绍：	Late Night Drive.		Including but not limited to urban contemporary.	",170,229037,3852,921,23,
5386929349,拒绝孤独指南｜情歌说唱陪你的每一天,饼饼今天学习了嘛,1685802164,"介绍：	欢迎收听！欢迎收藏！欢迎投稿！不定期更新～	much luv ya～	",116,2267406,1798,19,6,
6680946846,Trap Beat｜刚好配你炸裂的verse,Chillboigotit,532631661,"介绍：	炸了 炸了 欢迎投稿	",45,1371379,3231,677,7,
5359300532,每一首说唱都有一段故事,苏小安,48113,"介绍：	严导说，说唱本质是为了发声。不管这个发声是为了你，为了他，还是为了自己，重要的是他来讲，我来听。	集中了一些今年比较爱的专辑和单曲，有的在讲述爱，有的在讲述悲伤，有的在讲述时事，有的在讲述历史...	",248,209158,1306,20,6,
6904135265,【说唱情绪】放手 也许就不遗憾了,Lion_Z狮子,419964543,"介绍：	我的过去 我的未来	编制旋律 还在等待	你的过来 待续...	",38,171934,4177,13,9,
5440047851,『欧美女声rap』不做公主做女王◎酷女孩必听,Ego_jh,1422375032,"介绍：	我Gucci的时候	眼泪总是PradaPrada的往下dior	——————————————————	不做傻白甜	拒绝白日梦	要做别具一格的酷girl ✔		2021.4.8	歌单持续更新中~	",85,21863,431,10,8,
7067851127,H!GHHIT RADIO Vol.2,_Paradox_,127715425,"介绍：	H!GHHIT RADIO Vol.2	本期流行味儿很重( ͡° ͜ʖ ͡°)	『Rockstar』	Post Malone，我愿称他为新皇。什么叫极致的氛围，什么叫极致的腔调，什么叫真正的致敬，什么叫极致的旋律。这首Rockstar是完美的。它没有...	",13,103,21,0,15,
6838935099,ice paper冰老师,YounG-Silver,1295049957,"介绍：	ice paper		",49,4370,154,0,评论,
5198528623,说唱新世代||W8VES（未完待续）,臭屁脆脆鲨,550323437,"介绍：	选手＋导师曲目合集		听歌指南:	1—16不定期更换的彩蛋	17—79选手比赛曲目+导师表演曲目	80—128导师曲目	129—335选手非比赛曲目		排名不分先后		彩蛋不定期更换，希望好听的歌能被更多的人听见。		比赛...	",343,2259857,30882,255,164,
7050756766,神明说爱意逃不过。,Copankp,374471803,"介绍：	如果我只想跟你暖昧就好了 可是我太贪心了 我想和你在一起 我想你心里有我。	",430,149850,2366,132,评论,
2362497494,Hiphop街舞舞曲节奏超强swag,BLACK_STAR黑星,1481142714,"介绍：	一花一世界；	一首一灵魂；	即是舞、易是相伴；	皆因内心热爱才会与灵魂共舞.	",193,353138,4771,65,8,
6700242542,[雷击顿唱片行] 让你扭动身体的异域节奏,云音乐官方歌单,1463586082,"介绍：	雷击顿（Reggaeton）是一种新的音乐形式，产生于波多黎各，结合了传统Salsa音乐，牙买加的Reggae，以及Hip Hop等多种音乐风格为一体。有节奏的鼓点与畅酣的说唱很容易带动人的积极性，不自觉的想要扭腰摆臀...	",30,1357957,7968,70,25,
6977031912,下架说唱:下架说唱,炬_猩,1454509143,"介绍：	持续更！下架加没版权…欢迎投稿……	",129,374176,9091,197,114,
5452076663,【Free Beat】优质免费伴奏收录,沉默旅人x,378343739,"介绍：	每日更新优质Free Beat 投稿请私信 使用伴奏请遵守Beatmaker的规定	",663,603803,2488,22,62,
6718334404,最炸最摇摆说唱,Alimjan_Abdurezak阿力木江,1661470704,"介绍：	说唱国语外语英文，最火的说唱，华语，欧美好听的说唱	",186,57152,2042,146,评论,
4960485965,PHONK 精选 | JDM 改装车&漂移,徒黯,475619945,"介绍：	#随机食用#		持续更新		喜好日更		本歌单主要收集的是		Youtube、 JDM 、Drift 视频背景音乐		声云中播放量人气比较高的 		网易能搜到的制作人		搜不到就是还没有上线 		嗯 欢迎各位PHONK友来听。	",1220,31570,535,13,23,
5398147722,不是吧不是吧难道单押也算押,倦是信仰,3217709799,"介绍：	rap	",148,93436,922,9,2,
6976193072,旋律说唱｜超炸超甜的hook,张以晨_,392078662,"介绍：	记得在这杂乱的生活里每天带点笑意	（持续更新）	",77,186655,2175,25,13,
4948845769,『进 口 狠 货』& 极品 SWAY精选,韩某的可乐加冰,1724067555,"介绍：	走路不要听 会拽的跟二五八万似的……	",103,173824,970,15,11,
5381263323,「说唱艺术」当街头诗人开始唱思想,偷偷的叹了口气,1590851653,"介绍：	“嘻哈的牛逼不在于词儿有多脏，不在于beats多燃，而在于作为一种音乐载体，传达了创作者怎样的思考内容，又给予听众怎样的力量。在这一点上，它和民谣、摇滚、诗歌、甚至散文，殊途同归。”		——————...	",100,225681,3003,52,83,
6600175210,爱意100%|情歌说唱,dazzd,381977701,"介绍：	上榜请私信	",16,139799,3304,3558,327,
6810065196,newwave♡emo♡2d♡melody trap//持续更新,氛围感帅哥19,371899274,"介绍：	有时候因为一些事情导致心情不好，而有些人喜欢以伤疗伤用emo来发泄情绪，很多男生女生天生比较伤感，不管是现实生活还是网络冲浪，也总是会有忧郁、悲伤的情绪，我能用这些歌曲让你感同身受，一起分享你的...	",79,21586,658,207,104,
6666792750,Trap 欧美 TikTok | 拽姐辣妹炸街必备,Vic2Riaaa,1512156554,"介绍：	I'M SO FANCY！！！		封面：Bella Hadid/Kendall Jenner（首字母排序不分先后）	不定时更新，我爱拽姐	2020.12.9	",109,21065,293,3,1,
7004290351,听听比奇堡海滩上神奇的海螺,Rabbitvvd,568333900,"介绍：	homie	",19,2648,7,1,4,
6936780911,超甜Rap，你是我藏在星星里的浪漫,少女的喜欢_,3277385997,"介绍：	你是我藏在星星里的浪漫	",131,567805,707,0,6,
5278867670,情歌 ﹅BEAT﹅| 说唱伴奏,妮妮是个小孩子,2142297440,"介绍：	十六岁的朋友到六十一岁也要一起玩	",87,819238,6197,3859,16,
5203616846,中文hip-hop未来,圈圈的呆子,430376515,"介绍：	中国说唱的未来	那就是你们	说唱的未来	是属于你们的	",36,227680,1339,316,1,
2894678520,情话 Rapper 收获你的少女心,Doki少女鹿安然,1854050928,"介绍：	实验证明Hip-hop很容易收获少女心 Skr…	",144,1001929,10459,105,31,
5063075918,伴奏Beats/Newwave/新浪潮/迷幻/Trap/陷阱,StrawberryGirlHK,1692548947,"介绍：	点进来的朋友不妨收藏后在评论区留下你想说的话吧~	↓↓↓往下拉继续阅读	New Wave更注重个人的风格和特色 而不光是单一的旋律加auto 可以是lil uzi vert young thug 更可以是playboi carti xxx ski mask和...	",114,118678,7038,9,4,
6711253585,说唱｜百花齐放的国人文化,二十五区时,3879723491,"介绍：	hiphop渐渐由地下转为地上	在这个百花齐放的说唱时代里	让我们聆听他们的声音和思想	",107,1630326,416,105,评论,
6794631604,Cardi B (卡迪·B),木槿汐_NiNi,1386924436,"介绍：	必须要给我卡姐留一席之地。。	",21,19566,111,0,评论,
5468327042,适合拿来写歌的舒适（狂躁）伴奏,舰长_L,569343984,"介绍：	持续收录优秀伴奏	入单请私信作者	",33,37513,1182,1,评论,
5466171223,超好听的小众情歌说唱伴奏,C9_Offical,308688094,"介绍：	超好听的小众情歌说唱伴奏	",49,1047940,7429,15098,327,
6977469309,夏天的风，海，夕阳还有你,马可波罗堡-,4970468530,"介绍：	他真的很喜欢你，从一而终，认真且怂。	外人看起来的多情多变，其实都是你的保护色，	占有欲强，敢爱敢恨，敢于付出	最酷双子本人	",79,108081,13965,212,评论,
7103863999,说唱|国产朋克摇滚说唱 pop punk宝藏库,芋泥大熊,566307490,"介绍：	“这个歌单收录了大部分厉害的国产朋克风格歌曲”		喜欢听这种风格可以转发 关注		后续持续加歌		好歌可以私信发我		加歌单	",76,147905,3785,126,3,
2552339462,韩国厂牌｜AOMG·H1GHR,spiel2037,254565223,"介绍：	～AOMG～	2013年朴宰范创立的厂牌。	■朴宰范[CEO]：1987年生，美籍韩裔R&B歌手·说唱歌手。	■DJ Pumkin[CEO]：1982年生。		■Simon Dominic：1984年生，韩国说唱歌手。	■Gray：1986年生，韩国说唱歌手，...	",330,348896,8220,54,20,
2875321368,Trap Rap R&B 杂…」,Krixx_,427713737,"介绍：	杂（仅个人喜好）	",574,7169947,133181,1543,480,
6918641831,浪漫主义小红歌（姜云升）,iLuvsong,1362757625,"介绍：	爱是海水和礁石在相互碰撞，是四月份的玫瑰迎着夏日盛放		",67,29587,120,1,1,
5397020595,老 亚 逼 了,B_Flood,1772062234,"介绍：	亚	",521,54178,1694,18,17,
2360205462,一个人的歌单，rap，hiphop。,拾贰零弋,1434514186,"介绍：	看，你会发现一个音乐世界。	生活很苦，自己加糖。	认真生活。	",159,2190156,26990,313,127,
5484557557,“教堂的白鸽不会亲吻乌鸦”,念汝红妆,311493629,"介绍：	《百年孤独》第二十章有一段写到，那个充满智慧的书店老板离开在马孔多回到自己故乡后，因为太过于想念马孔多而饱受心灵上的折磨，在他领悟到人生的真谛后写信给奥雷连诺说：“不论在什么地方都要记住，过...	",637,93305,803,15,6,
5003946035,想跟你 用rapper说情话,冉釉,1526219531,"介绍：	“像晚风轻轻吹动月牙，你悄悄撼动我的心”	",90,350975,4241,216,30,
6717999436,cute hiphop|可爱的女孩子喜欢听,IKAYKAI,1326649492,"介绍：	你怎么那么可爱	那么的乖	世界因为你	而变了色彩	世界都变成粉色了	我心都变成粉色了		封面来源:网络	",37,217504,1292,106,2,
6585815112,说唱和你我都不想失去,TiamTheProducer,1688473429,"介绍：	既然说唱和你，我都不想失去，那就把你写进歌里，向所有人诉说我们的故事。	",35,21208,6669,520,2,
5297939600,♛【 维吾尔说唱歌手丨Rangsiz 】♡,LiriCam,3305625059,"介绍：	姓名：Xapkat-Arkin 艺术名:Rangsiz 出生地：和田地区 新疆Almas组合创始人 纯母语Rapper 独特的风格:R&b/ /UnderGround 代表作：《 Beralisang 》《 Ketting 》《 Boldi Emdi 》《 Yeraktiki San 》	",35,214803,1843,13,8,
7073637060,夜晚emo哒咩！｜ 欧美英文歌让你燥起来,龚娇梅是我女神,581968433,"介绍：	歌单不定时更新		夜晚不emo	",50,2648,2,0,评论,
3000167376,Pulse\\All.Hiphop All.Night（周日更新）,TX3iX,59040709,"介绍：	每周周日持续更新，请持续关注。	",170,72557,4169,1135,8,
6939092055,处女座的歌单 | 悲观的乐观主义者,一只眼睛的鹿_,1447630647,"介绍：	全是自己的小红心的歌曲 希望有人会喜欢	",87,170115,3517,1,3,
6950479554,国语rap | 努力才对得起自己,十二月的雪_026,2103569167,"介绍：	真正喜欢和想要的，没有一样可以轻易得到，这就是努力的理由。、	",76,177721,3352,16,7,
6910755857,七夕限定情歌 | 甜蜜暴击 ,安抵,4876073582,"介绍：	七夕来的太快了，我还没有想好一个人怎么过呢(O∆O)		emm，我jio得我还小，只过六一不过七夕嘿嘿		不过不重要啦，七夕是给可爱美好的人过的啊		对了差点忘了，祝七夕快乐哦！		♡♥(。´▽`。)♥♡	",101,211712,1457,22,21,
5303491409,♥︎Rap Beat♥︎ | 说唱伴奏,泡沫_sn428,346783053,"介绍：	四季有春春有朝晨，朝晨有你方显珍贵	",81,456131,1976,1211,4,
5124590704,【苦涩 Rap】 失意悲伤，颓废感情，,Funk-D,1554443770,"介绍：	关于难过 不是只有你一个人 如果遇到了那个照亮你黑暗的那个人 一定要好好抓住他极致的温柔啊	",106,222552,2761,18,19,
5235501125,姜云升/ 沙一汀EL/ 夏之禹,kowiiblue,377061498,"介绍：	这才刚迈一步人生还有百里	",54,985003,13140,94,106,
6607540698,说唱|爱一个人要有耐心,dazzd,381977701,"介绍：	上榜请私信	",15,18406,644,910,1,
3019716374,【欧美说唱歌单】英文说唱欧美hiphop精选,kyrielong8,1626721546,"介绍：	国外说唱合集，好音乐总会被你听到	",100,52082,894,16,3,
6813770457,Free beat | 中文说唱制作人,zzconpro,3290028662,"介绍：	此歌单收录国内制作人优秀free beat	",34,2233,133,0,1,
6797181010,关于情绪 emo rap,DAISY_tL,3575748309,"介绍：	国外国内都有 听就完了	进来的朋友们麻烦多多评论收藏！还有转发	高质量作品投稿/推广：lzt1721937193（备注来意）	",177,145797,2668,39,27,
5044456984,温柔男友rap | 国语说唱,柠檬味的TEA_,2098334511,"介绍：	心情不好就想吃东西，因为伤心欲嚼	",84,1266118,4791,1208,15,
6699114552,住你耳朵里|无限循环的说唱旋律,原创君,201586,"介绍：	在耳边循环的那些宝藏说唱，用不同的风格把rapper们的情绪唱给你听；耳机分你一半，一起来找寻你的专属旋律吧！		/封面源自网络	",33,661234,6093,86,32,
5338820195,说唱｜最怕Rapper唱情歌,仙女爱吃香菜_,479858928,"介绍：	melodymelodymelodymelodymelodymelodymelody	",63,347909,3104,28,8,
7048654794,AThree&HAS&Sam努尔夏提-AFSC,说唱体验馆,351014330,"介绍：	HasAThree/HasSam努尔夏提/HAS/歌曲合集！	",58,74,7,5,评论,
3131480188,『全收录』ヒプノシスマイク-D.R.B-催眠麦克风,凛月輝_Rirura,1725694469,"介绍：	《催眠麦克风》系列，日文原名《ヒプノシスマイク–Division Rap Battle-》，是由KING RECORDS、OTOMATE、EVIL LINE RECORDS、IDEA FACTORY共同合作在2017年9月推出的声优RAP企划。		在架空的世界背景下，...	",144,2165424,47297,510,144,
4985730604,TT｜姜云升｜沙一汀｜法老｜王嘉尔｜Jony J,问君安否,559878458,"介绍：	『TT /小鬼/满舒克/马思唯/范丞丞/福克斯/Jony J/姜云升/乃万/沙一汀/法老/王嘉尔/艾褔杰尼/某幻君/ 77 / mac ova seas / XXX TENTACION / bbno$…』	",507,350946,5511,53,30,
5294509915,超好听的宝藏rap,W0371,535085159,"介绍：	hiphop的本质就是不一样的思想碰撞。每个人的歌词都代表每个人的思想，好的hiphop就是在表达不一样的态度 ，不一样的思想。		ps:歌单所有歌曲都是个人向 都是觉得好听才会放到歌单里_(:3 ⌒ﾞ)_	",75,26446,325,5,2,
5269453086,「Hip-hop研究所」潮酷出街丨开启你的Swag,丨IIIIIIIIII丨,485543957,"介绍：	律动的节奏感，带动你的神经，在炫酷的氛围中找到精神共鸣。		嘻哈是一种力量，诞生自阴影中，象征着美好的未来。	反映的是一种真实，是一种无畏，是一种对待事情的感性思考。		每个人都可以很嘻哈，每个人...	",317,1368728,18740,386,48,
6605933117,甜度超标｜超甜的情话只对你说,Tasia塔塔,453303577,"介绍：	甜度爆表的说唱真的炒鸡绝！	rapper说起情话来谁顶得住！！！	建议随机播放哦～	（歌单持续更新 禁止搬运）	",94,93545,1043,13,7,
5380036578,制作人合辑 | Kanye West,云音乐说唱专区,3856379473,"介绍：	Tag: “Kanye West on the track by the way” (仅在Keyshia Cole的出道主打“I Changed My Mind”中出现一次)		美国知名说唱歌手、制作人和流行品牌设计师。他对21世纪主流嘻哈音乐和流行音乐的发展产生了...	",79,96418,783,33,9,
6600182205,温柔Rap|听rapper说情话,dazzd,381977701,"介绍：	上榜请私信	",17,1711206,3348,3597,329,
1994613645,陷 入 带 白,被杀的兔,456350044,"介绍：	欧美精选说唱合集		trap，jazz hiphop，Melodic Rap/R&B，Lyrical Rap	",65,10675,1539,0,1,
6944159899,微丧rap | 大不了就各奔东西,见青山t,1358261208,"介绍：	无论你昨晚经历了怎样的泣不成声	——早上醒来这个城市依旧车水马龙，没人管你有什么情绪	图片	",60,210049,3408,1,评论,
5415812013,国语Hip-hop | 伤感说唱rap,迷路____________,3994185646,"介绍：	最美不过初相见，最思不过昨日缘	",71,175126,1602,17,11,
6833368560,boomshake杭州,杭州酒吧定台,1571278124,"介绍：	定台：TMD_6688 快点加我！	",91,20801,323,37,1,
6703392308,“别唱了宝贝，我好了”情歌说唱,SurpassMusic,4917056566,"介绍：	最浪漫的事莫过于两个人有着相同的听歌喜好。	情歌说唱，持续更新	",251,433417,1319,316,111,
6945815983,rapper的骚情话【持续更新】,Cast-Off-Music3,4987484153,"介绍：	没有完美的开始，只有just do it！	",30,121387,2134,220,4,
5446204862,夏之禹写散文/,东莞马思唯,553213330,"介绍：	终于明白了那句话“你写词写得过夏之禹吗”	",48,16760,386,4,评论,
6607426701,sweet|情歌rap,dazzd,381977701,"介绍：	上榜请私信	",16,125549,619,886,评论,
5339779763,《说唱新世代》学员精选作品集,偷偷的叹了口气,1590851653,"介绍：	《说唱新世代》是哔哩哔哩出品的说唱音乐类节目，节目将汇聚来自全国各地的rapper，齐聚“说唱基地”。他们将通过层层公演考核，以音乐创作和竞演表现，决出代表新世代发声的“世代表达者”。 该节目由黄子...	",100,964419,12058,106,104,
6896421280,说唱听我的第二季//2021持续更新,氛围感帅哥19,371899274,"介绍：	说唱听我的ganggang	",560,7147,33,0,评论,
6802755388,HIP-HOP CLUB「持续更新」,D-JERRYC,2055447090,"介绍：	来自18线不知名DJ的歌单 打开它 收藏它 并随机播放❤️	",1244,217449,859,214,评论,
4943536631,崩溃&救赎｜丧系Rap,-WECAN-,355445164,"介绍：	一次又一次	浪费我的温柔	磨灭我的热情	",38,145205,1644,103,16,
6862287913,情 绪 收 容 所,a23x1e62os,5084399838,"介绍：	记忆像是倒在掌中的水，无论你是摊开还是紧握，终究还是会从指缝中一滴滴流淌干净。	",61,343037,1569,2,5,
5092003321,免费伴奏Free Beat合集 顶级货 用起,丶FireX,279817241,"介绍：	精心挑选的免费伴奏	使用规则	1 评论加关注	2 歌曲名称➕(Prod By 制作人名)	3 歌词编曲标注制作人名	觉得不错的宝贝们点个收藏	爱你们，么么哒	",180,1044114,4508,223,11,
d=53572999,好听到爆炸的说唱,Kukukikii,54927092,"介绍：	纯正好货！！！	",354,35276512,389592,2717,528,
6854885707,【中文说唱】黄金flow,zzconpro,3290028662,"介绍：	此歌单收录中文说唱黄金flow，作为一个九流rapper，背地里其实是十级鉴歌师。	",100,237021,1523,116,17,
4952648595,【歐美】Trap/旋律說唱（切歌算我輸）持更,FsioruniQ,617551574,"介绍：	Travis Scott，Gunna，6ix9ine，Tyga，Melly，Lil skies，lil xan，x，drake，kanye等，会更新（都是旋律性极强的歌曲，请用身体融入这个歌当中，有很多风格哦。）	",240,362899,7102,61,60,
6842263243,Trap Rap ｜ 懒惰迷幻的宝藏说唱,这条平凡的狗_QwQ,109390499,"介绍：	说唱音乐的风格分为很多种，包括Old School、New School、硬核说唱（Hardcore Rap）、Latin Rap（拉丁说唱 ）、黑帮说唱 (Gangsta Rap)等等，特别是在说唱的发源地美国，这里几乎每个地区都有代表自己的旗...	",80,2050480,32985,345,89,
6724754600,欧美说唱丨肺活量爆棚的Rapper让你耳膜一亮,AAAAAAAAAAAAAAAAAATaoMinglei,2120309164,"介绍：	说唱的主导驱流以trap、Club、硬核、东岸为主，早些年人们的对于说唱的误区就是鼠来宝=说唱，但这其实是错误的。嘻哈乐最早来自于欧美，后传到中国，而绝不是中国的鼠来宝。	",30,339732,6364,42,15,
7020977703,「心动Rap」看朝朝星野跌入浪漫瞬间,_狗十三-,350433848,"介绍：	在Rap里感觉心动	在Rap里感觉浪漫		看落日跌进朝朝星野	看朝朝星野瞬间跌入浪漫	",42,91886,1004,26,6,
6729323705,说唱听我的2021正赛选手合集,落基山_多瑙河_休假充電,97878051,"介绍：	0715 1200 赛制片+选手片	0718 1200 正片上线 	93人录制第一轮 正片+plus+纯享 播出79人完整片段	14人因版权问题缺失 其中4人进战队(字幕片段交代)	已知4人录制前退赛: 啊之，Lcz小强，胡娅楠，潘潘	0810 ...	",92,26101,102,1,评论,
6607431117,好听的rap|不定时更新,dazzd,381977701,"介绍：	上榜请私信	",16,63695,670,692,1,
5057152432,优质说唱写歌beat大全,BlinDer啥也不会,1828832619,"介绍：	精选的优质写歌beat 各种风格都会有 欢迎私信	投稿	",97,20263,758,5,4,
6610722455,沙场饮血，佩剑长枪犹如昨,Zxy在向下扎根,443546368,"介绍：	我欣赏你的技术派，但我有我的江湖流。中国风搭上江湖说唱，这一首首嘻哈很兄弟。	",40,174088,1742,31,10,
5290825751,旋律说唱丨与你飞驰在日暮之中,少女的喜欢_,3277385997,"介绍：	“我希望你能像初识我那般热衷于我”	",324,495082,3059,9,65,
6732206947,我看见前方的光消失了,若神桑,3256922790,"介绍：	个人认为好听的旋律说唱，情绪rap，不限中英文	",83,21191,141,2,评论,
6854437149,【姜云升Type Beat合集&说唱伴奏】,RONIN-MUSIC,5011035536,"介绍：	个人整理的姜云升风格的说唱伴奏，希望各位喜欢。	",27,191287,3190,8,2,
5288378050,|说唱伴奏|RapBeat|免费说唱Beat|Free,Youngkilla_Offcial,1510196809,"介绍：	进来的朋友麻烦点一下收藏，收集一些free 高质量beat 投稿看质量收入	合作联系：prod_killa	",118,353542,3518,16851,9,
6636721453,Emo Rap｜往事堆砌的人生自述,worldindeed,3257045722,"介绍：	EmoRap是一种用舒缓且悲伤的音乐作为铺垫		一般前奏非常的长		但到演唱时突然就瞬间释放情感歌手的声音以及歌词也非常的致郁		心碎、沮丧、自卑和自赎		给人的感觉就很颓废		大家要积极正确欣赏这类音乐		...	",36,75754,773,30,15,
6931960692,「 Rap song 」hey 要 点 首 说 唱 吗,Candytone,3922804768,"介绍：	持续更新，各类风格，类别的Rap	",1312,14761,234,0,评论,
6846678704,稀有“好音乐”,坏女人克星,1374751803,"介绍：	稀有好听众	",526,3362,109,3,评论,
4939182317,Rap | 遇见你很高兴 带我远离那些纷扰,SkrXun,1436013601,"介绍：	当我穿过沙漠遇见你 不可思议十三亿分之一	",126,921827,10768,297,26,
6607547647,情歌说唱|浪漫制造者,dazzd,381977701,"介绍：	上榜请私信	",15,98879,843,848,评论,
5460338734,丧到极致 | 热门伤感歌曲,一只特立独行的蛇精病,3264637599,"介绍：	这个世界总是逼着你成长	",43,214984,2481,241,6,
5125379186,【律动主义】Hiphop Rap R&B,Masaki-p,1452462339,"介绍：	这歌单本是自听的，不一定全是hiphop，也会混入几首其他的，不定期更新	",220,343579,4599,74,23,
5028173373,Melodic Rap丨旋律说唱跟着摇跟着晃,洋柿子来了,1952811201,"介绍：	这是一个以国外旋律说唱为主题的歌单。因为本身也是通过旋律说唱接触到说唱这个领域的，我觉得这种类型的说唱更容易让人接受。所以我希望它能让更多的人通过这个类型去认识说唱了解说唱最后喜爱说唱。 所以...	",83,144667,2850,62,23,
5032574484,超酷✔︎Rap BEAT♥︎说唱伴奏,岛屿下,1673257986,"介绍：	一切都可以再来，只有时间不会倒流	",135,610519,2317,794,1,
6823737900,《少年说唱企划》选手精选作品集,偷偷的叹了口气,1590851653,"介绍：	《少年说唱企划》Rapstar是可以培养的		按照节目组的说法，潘玮柏、热狗、李荣浩、周震南不叫导师，而叫BOSS团。BOSS们各司其职：	潘玮柏出道20年，经验丰富，担任A&R市场总监，所谓A&R（artist and reper...	",100,117502,1009,29,20,
2116945770,[RAP]中文励志说唱-为梦想努力奋斗,Cup呀,268589209,"介绍：	我曾经天真的以为，用真心对任何人，就可以得到真正的友情，真正的爱情。后来，认识了一些人，经历了一些事，才知道一切都是我以为。		我以为你会一直陪我到最后，可惜不是你，到最后剩下的孤寂我一个人享...	",170,26266442,345471,3159,932,
5326627582,说唱伴奏丨RAP Beat丨高质量全风格,MEGA__,3245658973,"介绍：	随机播放即可，唤醒你的说唱欲	持续更新高质量伴奏	免费投稿，分享歌单即可.	感谢收藏评论转发！	都是精心挑选的beat	随机播放即可	BOOMBAP / TRAP / NEWWAVE / POP / ROCK / SOUL / PUNK/ FUNK /DRILL 风...	",390,21842,955,2,12,
6903897169,【FREE】抒情- 说唱伴奏piano Type Beat,Lion_Z狮子,419964543,"介绍：	无法言喻的是怎样的心情	怎样的内心和怎样的你我	",41,91214,3679,3,评论,
5206444057,说唱新世代 『同步更新』,AzR_Teli,324376244,"介绍：	《说唱新世代》是哔哩哔哩出品的说唱音乐类节目，节目将汇聚来自全国各地的 rapper，齐聚“说唱基地”。他们将通过层层公演考核，以音乐创作和竞演表现，决出代表新世代发声的“世代表达者”。		节目由黄子...	",134,2000629,25381,123,38,
2049779104,辣妹听hiphop!!,CreepyCreepyCreepy,396664333,"介绍：	[持续更新]		Close your eyes count to seven	And then You will be in heaven		谁说小姐姐不听说唱？	",271,2554719,57204,1298,153,
2696193383,JAZZ HIPHOP / 顺滑入耳 低空迂行,海螺J,53687771,"介绍：	准备好一场飞行了吗？	Jazz hiphop会让你沉浸在一种舒适轻松的氛围里，配上红酒看着书也不会有突兀感。Jazz hiphop也是起源于美国，但日本却赋予了它新的灵魂。	歌单部分典型代表性人物Nujabes、Uyama Hir...	",29,319698,4927,93,40,
6607519886,情话rap|爱意满满,dazzd,381977701,"介绍：	上榜请私信	",14,77383,716,682,评论,
5317504408,宝藏Hiphop | 藏在光鲜后的真实,原创君,201586,"介绍：	唱进内心的宝藏	为它循环千百遍		打动人心的作品 不浮不躁	包罗万象的说唱艺术 能说会燥		*封面来自网络	",35,173038,1277,27,14,
5456882876,顶级说唱伴奏丨2021丨旋律 BEATS丨免费,ProdRaymone,305156777,"介绍：	※ 致力于打造成网易云最新潮最精致的说唱伴奏歌单，为说唱歌手和制作人提供便利，主要的风格有 Polo G 丨Lil Tjay丨 Rod Wave 丨Toosii丨 HOTBOII 丨Roddy Ricch 丨NBA YoungBoy 丨NoCap丨 Jackboy 丨Ryl...	",61,19772,422,5,18,
6938699615,情绪容器｜孤独像发烧，在寂静时最盛,原创君,201586,"介绍：	烈日被云遮挡	荒漠在风的召唤下	泛起银色的波浪	异常温柔	偶尔散漫	人们总说——“明天会更好”	不信你看	连撒哈拉都下雨了	一切都会好起来		/封面源自网络	",48,140845,754,15,16,
6840307913,能在夜晚让你放松的中文说唱,苏方一杰,335703712,"介绍：	据说很多rap迷们都不是因为那种噼里啪啦哒哒哒哒的歌爱上说唱音乐的		最后反而是那些舒缓的走心单曲最沁人心脾		你也是这样吗?那真的算是你来对地方了	!(´△｀)♪	",56,321685,7419,2946,10,
6815989833,夏日甜甜的爱情正想你奔来,Cast-Off-Music3,4987484153,"介绍：	你一定能够遇见你想去遇见的人！！！！！！	",121,439423,5387,270,32,
5295437787,说唱||请接收一封棒棒糖一样甜的情书,JealousBoy,516122350,"介绍：	听过Rapper最放荡不羁的歌，	但你听过Rapper的纯情告白吗？	赶紧收下这封来自Rapper的情书，很甜很甜！		敞开心扉，唱着甜甜的歌，	外表最靓丽的Rapper往往都能唱出最甜的歌。	",80,548039,3498,91,39,
6963036665,RapRap唱情歌,小嘉良W,626560999,"介绍：	情感中的独行侠 	想把你留在这里 和散落的花还有回不去的家	",194,14568,266,284,26,
2683885415,男女合唱Rap,薯条Eric,338589544,"介绍：	好的说唱+好的副歌=好的音乐	～～～～～～～～～～～～～～	男Rapper＋女Rapper＝Rapstar	",421,217235,2200,24,13,
2997419103,阴阳怪气/上海ZOO,屑狮子,1412607654,"介绍：	阴阳怪气男团(欢天喜地好哥们)创始人为四川郫县第一大帅比怪异君，成员分别为某幻君；老番茄；中国BOY超级大猩猩；花少北丶；LexBurner。目前该男团发出了两首歌《头号玩家》（无音源）《Summer Boy》	（注...	",40,893687,28535,102,253,
6607455998,情歌rap|爱你是我唯一的选择,dazzd,381977701,"介绍：	上榜请私信	",16,61931,871,824,评论,
5075473721,『NEW WAVE』国内顶级旋律说唱伴奏Beat,Xxankid,117890011,"介绍：	近年来全球大趋势流行的旋律说唱在国内正在逐渐成为主流。而在国内有这样一群制作人：坚持制作着这些还属于小众风格的说唱伴奏。其中不乏很专业以及异常优秀的newwave beat，本歌单只收藏国内制作精良的旋...	",433,32195,534,6,4,
6744085634,Rapper唱情歌 每天从早晨开始想你,隐约可见的星光_iiu,1788917363,"介绍：	“我超喜欢你们家楼下那个咖啡店里每次买咖啡时候都会送的那个小甜饼干的包装袋上面画的那个小狐狸啊！怎么那么可爱！”	“拐了这么多弯，你到底想表达什么啊？”	“……就，前五个字啊。”		快听它们快听...	",278,342290,4125,43,12,
3119609433,旋律HipHop中文说唱,悲伤de眼泪,421415810,"介绍：	旋律HipHop中文说唱 耐听循环品质 收藏这个歌单绝对不会让你失望 一起聆听一起治愈	",332,22181008,203305,6224,926,
5211969623,［爵士说唱］一场浪漫的化学反应,挖掘机夫斯基,1780343911,"介绍：	JAZZ与HIPHOP相结合，就像一场浪漫的化学反应。JAZZ HIPHOP保留嘻哈的说唱节奏，又将爵士旋律引入其中，使音乐轻快又明动。	无论是工作、学习、运动、还是做家务，它都是做你背景音的最好选择。	",44,496148,6589,108,36,
3204720807,欧美宝藏嘻哈音乐推荐,17GOLDKEY,475626652,"介绍：	好家伙歌单被你发现了有品味，日常分享自己喜欢的音乐，自己发新歌会不定时置顶，看到这儿都是有缘人哈哈	",283,143865,1843,51,92,
7105581453,中文rap—高质量精选,也想成为rapper,1949989988,"介绍：	耳机用光了电池 没有了音乐我又回到了现实。	",108,20041,166,1,评论,
5392544852,‹ʙᴇᴀᴛ›情歌·制作人的浪漫,CreepyCreepyCreepy,396664333,"介绍：	·持续更新·	",149,92545,1886,856,1,
4870649934,Les Twins’ HipHop「 電 台 有 搬 運 」,vortxbeat,81009363,"介绍：	网易云无资源的搬到电台，有资源的收藏在歌单	",210,88211,1001,33,20,
4959088044,硬核「蒙古说唱」,BaynErhet,378028169,"介绍：	封面是说唱歌手；Big Gee 和 Zugii	蒙古国 蒙古语说唱。	Click Click Boom说唱团体的Big Gee和Desant，Ice Top，Digital，Tatar，S&I，Rokit bay，Toonot音乐公司。J.S Bobo等等	",123,327334,5303,77,15,
6723502234,很屌的trap,_Yohan,254493389,"介绍：	感谢收藏，这里都是你想要的		",136,1936298,26230,179,77,
5298900670,【伤感伴奏＆RAP BEATS】你的故事写完了吗,FRESH_ye,379202005,"介绍：	希望你能喜欢	",82,317871,1823,13,2,
6600156315,甜蜜情歌|rap类,dazzd,381977701,"介绍：	上榜请私信	",18,363223,3376,3617,345,
5072666723,和平精英-深夜练枪,岄川川,395534635,"介绍：	作者ss6双排战神，s1老玩家，单杀双排全国第六、众多主播、职业。打过不少小比赛，训练赛，歌单可以配合团队竞技和训练营，如果在和平精英上有什么疑问可以私信	",104,19314,159,0,7,
6801814330,国产说唱|掀起音乐新浪潮,人间不及苦,394376631,"介绍：	音乐是人类的灵魂，自从有了音乐的创造，人的灵魂就有了一个依靠。在心灵的深处，隐藏着很多鲜为人知的秘密，唯有音乐，才能激起那潭深水的涟漪。	",58,170711,1640,11,4,
7054837900,让你心动的说唱伴奏rap beat,ZiJianHan,271715824,"介绍：	喜欢的朋友可以分享收藏哈	",43,125116,2316,119,2,
5467058548,‹ʙᴇᴀᴛ› 倚栏听风雨 无关风与月,CreepyCreepyCreepy,396664333,"介绍：	倚栏听风雨 无关风与月	",62,254972,553,518,评论,
6942531456,想念你身体里波光万顷的海,一只眼睛的鹿_,1447630647,"介绍：	我今天吃了一碗面	很辣很辣	想去买水	你会不会觉得我在讲废话	",69,104125,2956,11,7,
6607455740,你是唯一|情歌rap,dazzd,381977701,"介绍：	上榜请私信	",16,60461,651,776,评论,
6720870770,工作恋爱多烦恼 Love哪有Live好,是荔枝呀QwQ,588586904,"介绍：	我相信总有一天我们会从livehouse变成lovehouse	",174,14589,191,1,5,
2913623900,欧美新生代榜$ $ $,pop-out,371945792,"介绍：	新生代说唱歌手，会更新	",636,872586,16965,235,249,
4915306929,NEWWAVEBEATS新浪潮伴奏最全,InfinityMood,1909028226,"介绍：	同行的优质伴奏	收藏 收藏 收藏	慢慢随机听	持续更新	",1815,24551,380,10,8,
5184598917,今天从说唱开始,常听她们说,614358628,"介绍：	我寻找的是灵魂伴侣 不只过一夜。	",81,334873,3828,144,30,
5463247361,“你有世界我只有你”,C9_Offical,308688094,"介绍：	“你有世界我只有你”	",48,1751357,7099,11103,320,
2258837745,精致Rap说唱 |以后找个人陪你来唱,夕日向暖,124272747,"介绍：	没了音乐我又回到了现实……	",175,7980192,98064,963,208,
6712857418,高甜预警！已被这些说唱甜晕了,一只喵喵喵星人,286427520,"介绍：	全糖说唱，给你甜蜜暴击！		rapper嘴里不仅光diss，还有小蜜糖。		可恶阿，又想骗我谈恋爱。		-		华语 / 说唱 / 浪漫	",56,297572,2171,32,8,
6769971595,孟子Mengzi｜顶级腔调,国家一级退堂鼓表演艺术家xxx,3231823035,"介绍：	孟子真的太太太太太太太吊了！！！！	",54,19608,113,1,2,
7104213792,RAP|用说唱让你小鹿砰砰乱撞,妳的一笑哥哥,1637098858,"介绍：	流氓有文化，rapper说情话	",68,144835,2434,116,1,
6904143599,说唱伴奏‖十秒就能打动你,Lion_Z狮子,419964543,"介绍：	每个人都说自己爱的最深	",39,71377,3523,0,评论,
5196924445,说唱新世代2020 第一期,HannibalMonroe,103397082,"介绍：	可以私信我，发源文件	节目歌曲不全	等待未收录未上传	持续更新		",63,87467,823,2,19,
4867926094,日语说唱丨来自东瀛Rapper的Swag态度,丨IIIIIIIIII丨,485543957,"介绍：	“情绪是信念的投影”		有一种嘻哈叫“日式Hip-Hop”。 日本Hip-Hop并非是独立诞生与发展的，它与其它街头时尚、电影、漫画等形式的文化有着不可分割的关系。		很多rapper都像古时的诗人，他们用自己的眼睛...	",248,641687,15142,308,132,
2155383482,正宗好货 | 请打开随机播放收听,3岁不是坏男孩,599886480,"介绍：	纯正好货哈（持续更新）	歌单前三位可能会有推广，请理解	喜欢的请收藏关注一波，谢谢啦	也欢迎大家投稿	",582,1927444,35446,534,304,
5016011541,【更新】粤语说唱/广东/香港/澳门/南方力量,StrawberryGirlHK,1692548947,"介绍：	這是來自中國南方的聲音，願稱之爲中國的South Rap，通過説唱讓更多朋友了解整個華南地區乃至整個南中國還存在著這一群熱愛説唱的rapper，通過他們的作品來表達出親情，友情，個人故事等等，喜歡粵語説唱的...	",148,304452,9576,30,20,
4862289279,Jony J/姜云升浪漫主义小情歌故事在歌词里,Outsiderrr_rr,1288143848,"介绍：	经常更新新的说唱进来鸭，我建议大家收藏一下~	",148,18760,230,1,1,
5277033213,超甜旋律说唱伴奏【Rap BEAT】,欲望始终难抵你,2135907891,"介绍：	这世界偷偷偷帮着你书写出独特的着迷	",73,226857,1381,977,评论,
7058541205,快节奏 起床 化妆 赶时间用|欧美Rap,爱琳Irrintius,5202482440,"介绍：	快节奏 赶时间	",22,172412,5,209,评论,
7095508916,丧Rap｜Emo旋律必备救心丸,DOGGYE-,536199420,"介绍：	人心换人心，换不了的话，我换人.	",20,113234,2107,113,2,
5310003586,抒情Rap BEAT | 说唱伴奏,村雨丶J,122618650,"介绍：	希望我们老了，还可以牵手漫步看夕阳	",68,169241,3706,9,1,
5088720782,能让你“走路带风”的Rap,说唱HIPHOP,1338187188,"介绍：	建议带上耳机调到最大声，注意安全	",34,75548,1831,12,18,
6786943502,厂牌精选 | A Few Good Kids Records,云音乐说唱专区,3856379473,"介绍：	A Few Good Kids Records	创建年份：2020	代表人物：马思唯，YOUNG13DBABY等	音乐风格：说唱	总部：成都	",34,76858,966,2,9,
5438123548,雨 中 漫 步,16y1,2092807440,"介绍：	等 着 我	我拉你上岸 我好好爱你	",81,11645,1627,0,评论,
5198270733,《说唱新世代》第一季成员battle战炸曲收录,HCIPO,1381914855,"介绍：	未上架歌曲:	《奥利奥少年》—江奈生	《雨夜惊魂》—圣代（仅有翻唱）	《Real Life》—Doggie（仅有翻唱）	《就算你活在二次元》—石玺彤（仅有翻唱）	《有个霸王》—精神大伙队（Feezy/孙瑄阳/RoseDoggy迪...	",73,866870,10574,73,80,
7101860245,（Rap说唱）跟着节奏狂奔/开车时听的神仙歌,-甜饼怪BABE-,484356241,"介绍：	文明出行 请保持安全速度行驶	",162,80071,8170,3,评论,
508920727,气场全开，黑人音乐 就是这么拽,GossipNeverEnds,36078352,"介绍：	走路不要听，会拽得跟二八五似的。	",182,7348109,114165,1411,516,
2341542679,BTS (防弹少年团) 热门单曲大发,JIMIN糥米团子,604177701,"介绍：	防弹陪阿米七年，每首歌百听不厌，大家支持支持……大发	",153,327443,5294,26,49,
7026828589,高校◎大学说唱Cypher,o_无人知晓_o,450765621,"介绍：	优质高校cypher合集！更新ing…	",340,498,13,0,评论,
5302184785,聚会必备｜party till the morning,Tasia塔塔,453303577,"介绍：	我自己的party歌单 放这个歌单聚会就是焦点	（持续更新）	",81,273443,3949,49,17,
2946380515,♡邓紫棋 / 说唱合集,颠颠呀,316957129,"介绍：	我爱解解！她是光啊！	",21,140387,1041,4,21,
2897918638,甜度99% | 饶舌歌手藏在星河里的浪漫,名侦探-柯北,44530116,"介绍：	我理想的爱情：		一屋两人	三餐四季	狗在跑，	我在闹，	他在笑。		最初喜欢于样貌，	然后却沉溺于才情，	最后折服在于三观。		有钱，有爱，有孩子	他不出轨，	我不出轨，	就足够了。	醒同笑睡同床	生同房死...	",114,1862160,20958,272,86,
6720880850,制作精良的免费说唱伴奏/FreeBeat/RapBeat,说唱少女101,3372680209,"介绍：	免费的BEAT不一定是好的BEAT，制作精良又免费的BEAT才是好BEAT。	",97,38932,450,217,1,
6921133342,天上飞李承铉低音炮rapper,千万只有个你,5136164749,"介绍：	低音炮RAP 李承铉天上飞 天上飞 rap说唱	披荆斩棘的哥哥 追光吧哥哥	",40,86300,163,3,评论,
6877788390,朋克说唱伴奏/精选pop punk beat,jos宝,617967622,"介绍：	接受投稿 私信即可	本人也做 可以合作	",168,19180,433,3,1,
537367797,辣妹必备做个酷girl♥,kkkbaby_,357091992,"介绍：	辣妹必备哦 超好听超拽！	辣辣辣 下个辣妹就是你啦❦	",1447,1792400,31022,342,126,
6732754910,说唱是一种情绪,弹不明白的弹指,2029929222,"介绍：	说唱不单是音乐 更是一种情绪	你会爱上的	爱说唱的兄弟 可以分享喜欢的歌曲给我	各种风格	",238,18025,213,8,7,
6792301857,旋律 |让你沉浸其中的Melodic Rap,不喝酒的RUM,3583443394,"介绍：	小众&致幻 旋律说唱像是艺术品	保持更新 欢迎投稿	",153,273401,3810,59,27,
6947314843,下次见面 要以新的方式遇见,Wi9恶梦,584206008,"介绍：	这次没有文案 只有你	",60,113512,3150,116,1,
7002732672,旋律rap | 精选说唱伴奏 | 国产说唱beat,用户quanzai19830612-,2103611206,"介绍：	不管天气怎样，给自己的世界一片晴朗 	不管季节变换，让自己的内心鸟语花香	",336,203274,1596,0,3,
6600201291,甜味rap|情歌专场,dazzd,381977701,"介绍：	上榜请私信	",16,140866,3500,3572,333,
6587822318,没什么困意 也不怎么刻意,Wi9恶梦,584206008,"介绍：	本想听歌治疗失眠 却因陶醉无眠	",70,144974,7283,224,3,
6601275303,说唱伴奏 Trap Beat极致陷阱,丶FireX,279817241,"介绍：	精选陷阱伴奏 觉得好听点个收藏	接受投稿 看准类型	遵守制作人伴奏使用规则 本身我也是个制作人 对于版权意识也很重视 希望大家多多理解 支持	",32,27365,310,2,1,
6593961746,『饶舌艺术家』词曲俱佳的宝藏说唱,原创君,201586,"介绍：	保持内心的秩序	不管世界多么拥挤	就算是单枪匹马走也从不觉得lonely		/封面来自@Gocodoyo	",32,4339893,50816,441,221,
6699333263,4.17成都ayo音乐节 考后回顾 冲!!!,最后一句我笑了吗,449502518,"介绍：	现场永远的神!	",51,11502,229,15,7,
3148848124,脸 红 心 跳|性感说唱让我动了心,IKAYKAI,1326649492,"介绍：	迷人的嗓音在耳边环绕着	我深陷其中 无法逃掉了	",39,848125,44682,2315,13,
6651381353,『超燃Rap』旋律好听的说唱,人间不及苦,394376631,"介绍：	趁你现在还有时间 尽你自己最大的努力 努力做成你最想做的那件事 成为你最想成为的那种人 过着你最想过的那种生活 也许我们始终都只是一个小人物 但这并不妨碍我们 选择用什么样的方式活下去 这个世界永远...	",63,666647,7686,35,14,
2454417037,嘻哈糖果/上帝啊 这些Rapper情话犯规了,我不是嚼根,428888081,"介绍：	你穿的再多	心里没我	还是冻死你.....	恩mmm	还有	{不出名的rapper可以投稿给我}	",234,5930712,104833,1086,491,
7061095432,免费Trap Beat（高质量/狠/808鼓/陷阱）,Nightdevil-BEAT,331807247,"介绍：	高质量免费Trap Beats	",113,7277,179,4,3,
6876004331,【欧美说唱】丝滑flow ,zzconpro,3290028662,"介绍：	如果你也摇起来了的话请给我一个respect	",99,326674,3578,142,21,
5276995487,【说唱BEAT】高质量 | 说唱伴奏,欲望始终难抵你,2135907891,"介绍：	假装看不见，却用余光看了上千遍	",78,260155,1396,515,2,
6860422178,伤感/Emo说唱/Sad,KIND_CL,354868458,"介绍：	什么叫快乐?就是掩饰自己的悲伤对每个人微笑。		SAD: 	悲哀的;难过的;让人无法接受的;该受责备(或批评)的		EMO：全称Emotional Hardcore，中文名称情绪硬核。最初是从Hardcore Punk中派生出来的一种有着艺...	",138,1852157,11050,1367,60,
5458136527,国内值得一听的说唱,小班不会Rap,482949702,"介绍：	值得一听的说唱音乐 大家可以收藏一波	",142,137716,993,9,11,
6962106033,纯纯real黑怕歌单！能摇能炸还能走心,马可波罗堡-,4970468530,"介绍：	你们知道real黑怕之神吗？		不知道没关系，带你走进real黑怕的世界		能炸能摇还能走心...（持续更新）		real黑怕粉丝必备歌单	",96,803626,20374,287,135,
3198506557,【HipHop】持续更新,Kv31,1453371896,"介绍：	Hiphop=生活 放松全身 释放压力	",175,86569,1486,206,1,
7044872384,旋律说唱｜请感受rap的深情告白,陈渝Ya,3983856407,"介绍：	超级好听的中文旋律rap	旋律控的最爱	",40,17810,557,0,1,
2873336061,Hip-Hop旋律说唱，听你诉说这个世界,原点FM,247176530,"介绍：	旋律性的说唱歌曲应该能引起很多共鸣，好听又有态度的音乐，歌词虽然有很多露骨，却以柔情的方式述说自己的态度和经历，甚至是最真实的自己，揭露的是最现实的世界，这也是Hip-Hop最有魅力的地方吧	",52,3193860,52205,627,291,
4912936099,二次元emo rap☆＜3,天才少女14岁,546459347,"介绍：	emo rap 二次元先锋 new wave新浪潮	和狸猫酱一起进入二次元世界吧	Σ>―(〃°ω°〃)♡→	",113,252632,8360,166,102,
5387330888,甜甜的说唱在向你奔来(⁎⁍̴̛ᴗ⁍̴̛⁎),BADKID厂牌,601348625,"介绍：	好听到嗨那样的Rap 就挺犯规的 会持续更新滴	",83,133751,1261,619,4,
7002657170,说唱rap BEAT/旋律说唱伴奏,用户yongfangci19600119-,2103610099,"介绍：	我们曾并肩走过风雨苦难，我们将携手走向光芒万丈	",338,196512,1307,0,4,
7098937176,【RAP】| 精选慵懒沉醉Top300旋律说唱,-甜饼怪BABE-,484356241,"介绍：	攒了好久的温柔与浪漫，想要一次性都给你。	",398,119568,11877,15,3,
6600113633,情话Rap|撩人心律,dazzd,381977701,"介绍：	上榜请私信	",17,1077997,3332,3612,329,
6820739497,2021 XXL Freshman精选集|听这些了解他们,JoynerLucas508-507_,1787976864,"介绍：	6月17日 XXL官方公布了2021 XXL Freshman Class 的11位入选者名单 他们分别是42 Dugg Blxst Coi Leray DDG Flo Milli iann dior Lakeyah Pooh Shiesty Morray Rubi Rose Toosii.	外网网友似乎对这届XXL新生...	",33,45925,646,14,9,
6718607515,夜晚||在旋律说唱中感受Rapper的温柔思绪,少女的喜欢_,3277385997,"介绍：	旋律说唱的亮点在于那些抓人的hook，当旋律响起便沉沦其中，一起来听这些扣人心弦的旋律说唱	",46,457424,1779,10,评论,
6914226430,伤感情歌 | 上一次放声大哭是为了你,mcgl41,5068666252,"介绍：	突然想找你聊天 打开窗口 突然发现上次结尾是我 你没有回 欲言又止	",116,730836,10936,256,28,
5277914312,9mm的混音作品,9mmBeatz,2053724732,"介绍：	混音全部来自9mm，编曲/混音请私信个人资料的vx	",10,11468,1984,243,1,
6607489386,rap|爱意百分百,dazzd,381977701,"介绍：	上榜请私信	",15,51637,671,782,评论,
5452112189,经历与励志写进说唱里｜生活就是一场战斗,脱离地表,59402966,"介绍：	向下扎根，向上攀登。	生活就是一场与自己之间的战斗。	一首歌一个故事	每一个rapper都有着自己的经历	用说唱诉说自己的励志故事。	希望每个身怀梦想的你，能够不断的为之努力奋斗！	",40,291747,1286,3,1,
2008947511,有很多的rapper情歌,_-陈冠希-,466497160,"介绍：	这些歌都是为了与你一起听，因为我爱你不是情话，是真心话。（建议随机播放）	",938,5513426,90861,996,239,
6916601092,【国产旋律说唱】又开始难过了,RONIN-MUSIC,5011035536,"介绍：	到底什么样的终点，才配得上这一路的颠沛流离。	",29,324070,3191,5,6,
5310111557,伤感说唱rap | 忘了是怎么开始,见青山t,1358261208,"介绍：	你完美地躲过了所有正常操作		所以 该怎么找到你？	",73,1825512,15312,1232,52,
5341750420,心存感激 所遇既温柔,惊鸿一瞥mnb,3961505292,"介绍：	想把你温柔的装进兜里，与你一起享受晚间微风的温柔。	",52,136385,1199,1800,7,
6718779602,孤独&说唱 | Rap里的深邃情感,少女的喜欢_,3277385997,"介绍：	在你之前，我没有一件像样的心事。 在你之后，我没有拿得出手的痛苦。	",50,102516,215,4,评论,
6819888541,【丧系叙事说唱伴奏&Rap&Emo Beat】,FRESH_ye,379202005,"介绍：	他们希望你快乐，却一直在强迫你；	他们希望你优秀，却一直在打击你；	他们希望你进步，却一直在阻碍你；	好像看似开明，其实不过是带着网格的牢笼，眼前全是光明，也皆是阻碍。	",53,260218,2323,9,2,
6774385544,超好听的rap说唱歌单,对生活比个yeah,644434784,"介绍：	我很燥	",91,87228,1027,3,4,
6611168504,这里有你喜欢的欧美嗓音,Zxy在向下扎根,443546368,"介绍：	RAP是美国黑人音乐中的重要组成部分，是街头文化的主要基调，是世界流行音乐中的一块“黑色巧克力”。精心收集了欧美流行说唱，好听的RAP让你一次听个够。	",34,170963,6869,2755,1,
6600139702,甜系rap|走心说唱,dazzd,381977701,"介绍：	上榜请私信	",17,215194,3351,3583,312,
6992276392,【中文说唱】最顶尖的词,zzconpro,3290028662,"介绍：	盘点说唱歌词那些戳中你的瞬间	",99,48731,816,509,15,
4994396049,海尔兄弟knowknow,脑海中的蜉蝣是你,1800487690,"介绍：	<老子长得就是丑，老子的歌就是好听>	",93,248928,2455,47,6,
6952830508,一听就有灵感的说唱伴奏rap beats持更,ZiJianHan,271715824,"介绍：	喜欢的朋友可以分享收藏哈	",45,131189,2243,218,评论,
6965414416,热血说唱 ‧ Soul rap ‧ 双手合十许下愿望,酷洛米大人的飞行笔记,3949135857,"介绍：	“双手合十，许下愿望。写下歌词，让风吹到远方。”	",80,188284,1110,12,评论,
5014099772,Cherish二姗,星綏-Dr,1761709994,"介绍：	姗姐唱歌爷青回！	",65,96170,1070,2,5,
6815969040,『治愈基地』爱自己是终生浪漫的开始,Cast-Off-Music3,4987484153,"介绍：	“白天要努力的忙起来，顺顺利利把事情做完，晚上就可以钻进被窝，看看喜欢的书，戴上耳机专心看剧，或者只是安心的睡个好觉，这样的每一天都会更可爱吧，毕竟爱自己才是终生浪漫的开始呀”	",74,126053,2211,227,8,
2623526205,灵魂伴侣姜云升,赴锦程,1513036920,"介绍：	“喜欢姜云升就是同龄的女孩子喜欢的男生在球场挥洒汗水而我的男孩在地下八英里诉说他的曾经”		-	关于姜云升		个人	1.1996年出生阳历6月1日阴历四月十六双子座	2.云南昆明人	3.是Battle MC	4.拥有道士证的...	",64,729374,19890,252,161,
5104187312,国风说唱| 江湖江山各半生,白咿呀白,2040442269,"介绍：	每当说唱中融入了中国风元素，这就是最酷的一首rap，不信你听！！	",57,139085,2681,13,4,
6708222553,FIG｜深圳大学We Fckin Good！,DOGGYE-,536199420,"介绍：	一个今年一定会让你记住的说唱社团	一个包含你所有欢喜和爱的歌单	Start From SZU	",64,11141,349,12,14,
6727798707,【说唱伴奏new wave】emo Hiphop旋律说唱 ,kyrielong8,1626721546,"介绍：	免费的高质量说唱伴奏合集，持续更新收藏起来吧XDM，冲冲冲	",118,2594,251,1,评论,
2502161176,最怕rapper唱情歌 少女心狙击手,Jennierkiki,1662374248,"介绍：	捱过无能为力的年纪，我一定要拥有你	欢迎一些小众 好听的情歌rap加入 喜欢就收藏起来吧	",319,4371142,53107,493,94,
2477863140,那些好听到爆炸的说唱啊,我没有熬夜,406730196,"介绍：	我们都在奔赴各自不同的人生中忙碌.	",322,1798801,26356,202,102,
5392873409,制作人合辑 | Mike Dean,云音乐说唱专区,3856379473,"介绍：	Michael George Dean，是美国嘻哈唱片制作人，音响工程师，词曲作者。他起初开始与众多德克萨斯艺术家合作，在1990年代率先开发了Dirty South而广为人知，其中这一时期最为重要的合作包括与艺术家Scarface，...	",108,8982,225,1,5,
3014071018,刘聪 key to L 巡演歌单,lalililalili,135189979,"介绍：	歌单曲序和演出顺序一致	",25,322180,3045,85,23,
5070127051,惊艳耳膜的中文说唱,白咿呀白,2040442269,"介绍：	中文说唱区别于英文说唱，它独有着独特的魅力，惊喜和秘密全藏在歌里，不信你听	",60,135646,2261,7,8,
7002711876,精选 | 高质量说唱伴奏 | 说唱rap,用户quanzai19830612-,2103611206,"介绍：	简单的活着，善良、率直、坦荡，去品位人生的韵味，享受人生的乐趣！	",336,204790,1462,0,2,
6585267379,[远离沉闷与懒惰]说唱就该跟着摇,不喝奶昔的小波,1731538975,"介绍：	射穿内心的不只有子弹 还有说唱	",36,85136,1126,117,103,
2841424429,脏标E大赏【续更】,Linskual,534084850,"介绍：	E就是explicit		代表这首歌带脏话且没消音		歌词露骨		看起来酷		听起来更酷		嘻哈中很常见		翻译也调皮的不行		ps：		续更		顺便普及一下其他歌名后缀的意思：		acoustic- 不插电版本		remix- 授权的改编...	",2930,2205962,46240,735,543,
7101844587,吃一口糖 那些高甜的【中文rap】请签收,-甜饼怪BABE-,484356241,"介绍：	我偷偷看到你偷偷看我哟 投稿请私信	",284,139052,8506,17,13,
6759590679,【新疆Young Flow】Eskender-uxxak,Ruzaliy-,1497910647,"介绍：	新疆Young Flow uxxak	",40,81285,1042,0,2,
6749130322,“这就是甜到让你发麻的说唱吗？”,Aricdontluv,86104955,"介绍：	甜到让你发麻系列	持续更新	",30,43775,188,4,2,
7002750788,【说唱rap】高质量说唱伴奏 | 旋律说唱,用户quanzai19830612-,2103611206,"介绍：	一直在路上，看风景也好，奔波也好，希望你能一直充实自在	",336,231968,1553,2,2,
6683908169,RapBeat「高质量精选/说唱伴奏」GOATCREW,GOATCREW,3256362431,"介绍：	国内高质量说唱伴奏 /收藏歌单 freestyle /battle 必备神器哦！！	",185,153727,3398,1742,评论,
2522899852,僵尸（姜云升）,三思_buzzy,1534146255,"介绍：	鱼儿见识了巨龙的活法心中怎么可能甘愿遗憾呢	",47,687177,12944,75,60,
6732312998,一个说唱少女的听歌列表,说唱少女101,3372680209,"介绍：	我最近喜欢听的歌	",50,10939,201,100,评论,
5241848343,嘻哈|XXL评选年度最强新人合集,索尼音乐娱乐,1718995,"介绍：	★权威嘻哈文化杂志XXL 2020年度最强新人XXL Freshman Class 2020名单近日正式公布，Polo G，Lil Tjay，Mulatto，24KGoldn，Calboy，Fivio Foreign等索尼旗下嘻哈新秀赫然在列。	",26,168427,1415,32,25,
6702371651,少 女 心 狙 击 手,林遇ELul,1354052018,"介绍：	有骑士保护的公主永远都不用担心新裙子 换句话说有我在你永远不用长大	",106,2969539,39886,657,225,
6709733592,【说唱伴奏】free hiphop伴奏适合新手持续,kyrielong8,1626721546,"介绍：	适合新手的说唱伴奏，赶紧收藏吧，持续更新噢	",1517,4744,183,2,评论,
2311480037,DRB-ヒプノシスマイク-公式（持续更新）,万事胜意_鸦,587531866,"介绍：	音楽原作キャラクターラッププロジェクト『ヒプノシスマイク』1st Full ALBUM 発売中5th2020年3/28.29メットライフドーム過去の WEB 記事はファボ覧に		*中王区*		±東方天乙統女OTOME TOHOTEN	CV：小林ゆう...	",144,1754696,29394,528,247,
5307255753,温柔说唱｜全都是想悄悄念给你的冬日心事,速冻饺子样本,40384815,"介绍：	冬天到了，手都冻僵了。		身体也冬眠了，心却还醒着在想你。		想跟你说的话，都在歌里了 ▷▷	",67,318085,1235,44,5,
6680912178,适合freestyle的【说唱伴奏】,Chillboigotit,532631661,"介绍：	欢迎投稿	",137,1127505,2646,659,3,
5456886586,顶级说唱伴奏丨2021丨TRAP BEATS丨免费,ProdRaymone,305156777,"介绍：	※ 致力于打造成网易云最新潮最精致的说唱伴奏歌单，为说唱歌手和制作人提供便利，主要的风格有 [TRAP - YSL丨DRILL] -Gunna丨 Young Thug 丨Lil Keed 丨Lil Baby 丨Future 丨Drake 丨Dababy 丨Pop Smoke ...	",169,201069,2321,12,7,
6862544482,『微丧心事』那些被掌控的思绪,柯基7441,4994658470,"介绍：	其实你真的不用这般冷淡的，我也从没有想过跟你纠缠，我们之间，一删网络便是永别。	",54,135167,1864,12,33,
3215209929,$殺気爆棚 超凶trap$,psy_扭不开的奥利奥,323774211,"介绍：	开启照明弹，把他们射成肉泥	",66,407121,5755,113,18,
6945903263,愛情保衛戰的愛囚,Cast-Off-Music3,4987484153,"介绍：	八月愿你拥抱属于你的郎朗秋月！！！！！！！！！！！！！！！	",24,113423,2153,224,2,
4860658439,【闵玧其】SUGA | 安利 Agust D 专用,LiLaCphoria伊柾,409028007,"介绍：	闵玧其歌曲收录	SUGA 歌曲收录	Agust D歌曲收录		适合学生党刷题食用	",72,12875,450,348,6,
6931297409,姜云升丨谁说rapper不能即拽又温柔,iahnehs-,2119496210,"介绍：	我并不悲观，可这个世界对我太严厉。		人类最大的武器 是豁出去的决心		只要你给我一把麦克 一个舞台 无论对面是什么爱豆 是偶像 有几千万的粉丝 多少的粉丝或者怎么样我自信我能比他强 我可是僵尸啊 比我...	",215,220053,6321,59,71,
5318885452,【Rap Beat】各类Type说唱伴奏,子木流弊,1697493429,"介绍：	当你变优秀时，你想要的都会来找你	",155,121214,3308,466,3,
6610768428,TPKC[The PionKey Crew],Zxy在向下扎根,443546368,"介绍：	岭南师范学院TPKC	",44,138510,6548,2313,评论,
6952219126,午 夜 失 眠 俱 樂 部 「拒绝Emo」,马可波罗堡-,4970468530,"介绍：	午 夜 失 眠 俱 樂 部 「拒绝Emo」		再也不要Emo了 		要好好学习，好好吃饭，好好工作，好好变成最好的样子		每一首都是治愈Emo的兴奋剂	",82,662250,18039,287,12,
6623345789,『 海浪遇見黄昏变成粉紅色.』,绉州,1739759477,"介绍：	原来和喜欢的人说话 连声音也会偷偷变温柔.	",7,412724,4172,61,57,
6590794667,『余晖在云层中求救 太阳终于被淹死了』,CZR8889,1829941088,"介绍：	我难过的 不是你和别人好了		而是别人这么容易就代替了我的存在		对于我来说 没有人可以是你		但对于你来说 所有人都可以代替我	",69,10704,406,108,96,
6859445434,不知名选手au,Zzeee-,1368316878,"介绍：	又都被下了 去q音乐听吧	",195,2650192,33310,275,174,
5382981655,说唱 | hiphop让你听,贾嘉葭,262796225,"介绍：	这里是说唱集合地，直击你内心的深处	",90,128699,2124,1134,63,
5468127585,带你发掘宝藏歌曲✨,舰长_L,569343984,"介绍：	999+助力歌单☀️	为你提供优秀的中文小众歌曲	入单请私信作者	",64,1687793,19854,30,10,
4930835853,乃万＆Capper,栀染的染七,1741550246,"介绍：	做好自己就行了……	",45,311752,3425,18,264,
7002760301,高质量说唱伴奏/Rap BEAT/国产beat,用户yongfangci19600119-,2103610099,"介绍：	时间会告诉我们，简单的喜欢最长远，平凡中的陪伴最心安，懂你的人最温暖	",338,198625,1405,0,5,
5466151853,”个性“说唱伴奏,C9_Offical,308688094,"介绍：	”个性“说唱伴奏	",75,778502,7620,15154,330,
7062679024,EMO|午夜悲伤情绪收容所,奇多爸,1624765852,"介绍：	午夜悲伤情绪收容所	",76,129887,37,102,4,
6918157634,『旋律说唱』藏不住的甜蜜与心动,小软溪,1418990258,"介绍：	我不是你第一个喜欢的人	不是你第一个牵手拥抱亲吻的人	但我希望我可以是	你遇到痛苦第一个想倾诉的人	遇到快乐第一个想分享的人	遇到挫折第一个想要依靠的人	我可以是你今生第一个相伴到老的人	",33,489529,745,3,评论,
5203647472,火爆的 | 中文说唱你值得拥有,圈圈的呆子,430376515,"介绍：	听就完事了，别bb	爆不爆我说了算	听吧 粗暴一些	",37,479970,6022,321,1,
7042911123,我知道你很丧（rap）/听完这些歌就早点睡,肆玖新青年,383335179,"介绍：	人一辈子	会听到很多心里话	我很庆幸	因为我曾经	听到过	我也很难过	因为我无法忘记	",80,10738,135,0,评论,
7094229866,爆燃说唱｜炸裂技术流教学,DOGGYE-,536199420,"介绍：	最硬最炸的说唱！长期更新，进来学Flow！	",17,120148,2222,120,1,
7002749413,melody Rap BEAT/优质说唱伴奏,用户yongfangci19600119-,2103610099,"介绍：	生活美好，有风有树。听老歌，偶尔惆怅。想想过往，云烟随风。不骄不躁，不争不抢，心地善良	",338,210777,1603,3,4,
6818649749,Swingman_z0,Swingman_z0,330933348,"介绍：	I dreamed of death drunkenness in music.	",308,576385,31239,156,149,
6647741055,华语说唱｜Rap也可以很帅,人间不及苦,394376631,"介绍：	趁你现在还有时间 尽你自己最大的努力 努力做成你最想做的那件事 成为你最想成为的那种人 过着你最想过的那种生活 也许我们始终都只是一个小人物 但这并不妨碍我们 选择用什么样的方式活下去 这个世界永远...	",56,10515,675,0,1,
2444167008,超炸说唱伴奏（free beat）,free弗利dom,337653295,"介绍：	放开了玩就完事了！	注意：如需使用beat请点进歌词或评论按照制作人要求做！	beat使用详情请咨询其制作人！	",990,2416427,28723,350,72,
5263926554,厂牌精选 | Empire Distribution,云音乐说唱专区,3856379473,"介绍：	Empire Distribution	创建年份：2010	创建者：Ghazi Shami	音乐风格：以说唱为主	总部：旧金山	",47,30616,477,3,5,
6677759909,说唱伴奏【Free Beat/心动制造】,Chillboigotit,532631661,"介绍：	心动的旋律，持续更新	",37,1392868,2480,650,4,
5214554067,青春迷宫丨爱之龙卷风丨hiphop录音棚,MiserC,552899711,"介绍：	爱情不止眼前的悲伤，也有热恋的欢愉～（持续更新）	",160,1674116,17693,16,22,
7016691859,【旋律说唱】小众Ⅱ值得无限循环的宝藏歌单,FA-逸云,3247173192,"介绍：	一个充满旋律感的小众歌单～	带你发现更多的宝藏旋律说唱	沉浸在旋律中感受rapper们的柔情	值得循环的歌单哦	收录不完全欢迎投稿	",57,151085,2483,126,226,
6625318597,情歌说唱┃恋爱循环ing,JossJoyAKA江辞秋宇,4887715350,"介绍：	你会爱上的精选说唱情歌！	",51,302461,3597,233,19,
2957854861,【江湖流说唱】有人的地方，就有江湖,云音乐VIP,1452176465,"介绍：	“整个江湖都任我闯，我的生命像一首歌，反正什么都带不走，那就跟着那湘江水哗啦啦流”	有人的地方就有江湖，在江湖中的Rapper们用自己的唱腔，唱着属于自己的江湖情长。	中国的说唱文化已经崛起。在地下...	",46,1219110,17250,189,72,
5481765840,旋律说唱｜超好听的宝藏rap,在忙别来烦,2129361497,"介绍：	你听rap吗？超好听的旋律说唱，单曲循环	",50,129509,1115,111,13,
6885406545,说唱听我的冠军Wiz_H张子豪【持续更新】,如果我不说唱了,513946110,"介绍：	说唱听我的总冠军张子豪	",36,7520,59,2,评论,
6749214558,☆亚比EMO二次元心碎の男孩女孩俱乐部☆,库洛米战士耿鬼,1341522834,"介绍：	正在循环播放《怎么进去二次元》	第一个夹带私货是我的歌喜欢的评论一下	",55,106565,2851,46,40,
2679916677,『Melodic Rap』 | 令人沉醉的旋律说唱 |,HsiungTheKid,358740898,"介绍：	本歌单为Melodic Rap爱好者量身定制。	Melodic Rap（旋律说唱）作为当下十分火热的说唱形式和说唱发展的未来，以抓耳的旋律以及引人入胜的flow而著称，首首精选，持续更新。	（本歌单目前暂时不接受音乐人...	",372,4091979,64323,874,328,
5027907754,〔Free Beat〕抒情｜悲情｜Emo Beats,1ake_,290992873,"介绍：	使用时请务必联系beat作者，按照他们的方法使用，我只负责收集。	做歌单需要一首一首认真听，本歌单投稿付费。当然歌好听的话我付给你钱都要把歌请进歌单。	",181,202741,2611,33,12,
6793847584,姜云升较全歌单,想摸摸汤臣一品,1851332769,"介绍：	先下载再听！先下载！下载！下载！		这个歌单收集了很多姜鸽流落在外的歌和demo，也下架了很多，且听且珍惜！不定时更新，确定不收藏？	",85,561698,11980,123,64,
6811006581,Tizzy T/朴宰范/马思唯/法老/幼杀/Jony J,述-clear,1476379880,"介绍：	述	",312,10494,210,1,2,
6972097062,ak1r hip-hop Music,先有趣,74141482,"介绍：	Hip-hop音乐是最直接的表达方式	",22,7806,93,0,1,
2697535287,【中文说唱】这些才是值得听的狠货,HolyGrail98888,339152569,"介绍：	都别听了 也别收藏 因为这样 你会被那些杠精和喷子说你听这些歌是不懂行 就这样吧 我懒得说了 告辞	",100,1956513,23337,228,260,
6884960877,『潮酷rap』偷偷浪漫吧 别让世俗知道,小软溪,1418990258,"介绍：	想了一百个喜欢你的文案	都不及这一刻的浪漫	",39,1135876,7201,41,13,
6661415785,说唱/如果运气不好，那就试试勇气,我真的憋不住了,1648294557,"介绍：	不要着急，最好的总会在不经意的时候出现	",180,296934,3058,26,21,
7091210845,炫酷说唱:耍帅一哥还得是rapper,不再犹豫_czEt,5165554566,"介绍：	精选热门的国语说唱，与黑人说唱风格截然不同，更酷，更潮，更好听！	",120,144347,2866,10,2,
5277045833,﹆CHILL BEAT﹅高质量 | 说唱伴奏,一片孤叶行舟,1920909079,"介绍：	总不能纠缠到让你心生厌烦吧	",122,455921,2255,1509,3,
817194122,让人想恋爱的超甜rap,是你的橘子O,291447769,"介绍：	在吗？有个甜甜的恋爱想跟你谈一下	",790,1662853,21952,311,87,
6878505172,“情绪说唱”｜别哭了 ta不会回来的…,史丹尼尼,3988536241,"介绍：	他说你会遇到更好的	｜可之后遇到的，都不是他	",30,129488,1183,11,7,
6905945449,女声rap：甜美饶舌嗓，是心动的感jio,顾柒柒不难过,346769611,"介绍：	当女生遇到rap	又会擦出怎样的火花呢	听说，会说唱的女孩子有一种特殊的超能力哦	具体是什么～评论区一起讨论吧。		",59,5080,84,2,10,
2834027258,rapper说情话!藏在宇宙星河里的浪漫,顾柒柒不难过,346769611,"介绍：	前方高能预警！rapper 要开始说情话啦，这份高甜的rap合集请注意查收。	希望你的梦里有甜甜的大白兔奶糖，有不会融化的草莓冰淇淋，有温度刚好的安慕希，有刚新鲜出炉的大肉包，有新鲜的苹果汁，有黏黏的香...	",347,2111751,29680,317,141,
4903571871,Melody Trap旋律陷阱 Emo说唱伴奏Beat,GT03-,318195266,"介绍：	使用請記得標明Beat作者-	此歌單持續更新Melody Trap旋律陷阱和Emo風格說唱Beat伴奏。	",138,202001,2570,30,7,
6749861607,欧美女rapper丨行走的女子气概,闷一桶冰镇雪碧吧,3348815942,"介绍：	巾帼不让须眉同样在说唱界也适用，说唱圈从来都不只是男性rapper的天下。HipHop文化流行始末，女Rapper们永远都是说唱圈独特的风景。	",22,86165,977,11,6,
5305631325,Emo说唱｜雨过天晴，好好生活,香蕉之城,415271837,"介绍：	知道你好想爱这个世界，世界也一直在爱你啊	",38,9809,2029,0,评论,
2784851095,【说唱】法老/Jony J/ice paper…,D-Kyri,1510142771,"介绍：	省略号还包括我异常喜爱也非常有才华的鬼卞老师还有直火帮等等。奥对忘了说，活死人我滴最爱！		大概就是收了一些我个人比较喜欢的歌。哈哈。随着我听的越来越久，种类也变得越来越多。		虽然有点迟，但是...	",305,560791,10036,78,176,
6607570431,制造浪漫|情歌rap,dazzd,381977701,"介绍：	上榜请私信	",15,133319,762,1039,评论,
5391302282,旋律说唱｜完美旋律在大脑游荡,脱离地表,59402966,"介绍：	近几年较火热的旋律说唱，总有那么几句洗脑的旋律在你耳边回荡。	",51,1719490,11059,150,34,
6639869302,那些甜甜的Rap情歌♡,少女的喜欢_,3277385997,"介绍：	“遇到你下半辈子也不用抽奖”	",518,802744,4366,38,9,
5262438368,态度说唱 | 跟着节拍 摆出最SWAG的姿势,原创君,201586,"介绍：	跟随音乐 身体律动	摆出最SWAG的姿势	什么都不重要	展示你的态度		（封面来自于网络）	",57,420700,3475,59,38,
5027691779,「励志Rap」年轻不畏风浪 奋力逆风启航,音乐变革者-,1508759381,"介绍：	人生的路上就是不断跌倒	再不断爬起	从这个过程中	我们学会勇敢	我们找到生命的意义		当你被现实打垮	不妨听听这些说唱	希望能给你力量	然后带着力量	不管别人的眼光	只要大步向前		Peace&love	",41,127183,1196,19,7,
6602694416,「 社恐必备 」社交牛逼症养成走路生风系列,KaiHing哥哥,134695427,"介绍：	♡戴上耳机听着最屌的音乐走出六亲不认的步伐	社交牛逼症养成克服社恐走路生风系列Rap/电子合篇♡		﹌﹌﹌﹌﹌﹌﹌﹌﹌﹌﹌﹌﹌﹌﹌﹌﹌﹌﹌﹌﹌	【主要风格】		Rap部分 ：	陷阱{Trap Rap/Drill}	快嘴{Cho...	",107,304036,7525,140,52,
2420981951,催眠麦克风DRB〔不含drama〕,入間-銃兎,324592005,"介绍：	前面按各个组的顺序排的\(//∇//)\后面按照出碟的顺序添加，越新的曲子就是越顶上的～		简介（以下来自百度词条）		催眠麦克风(日文:ヒプノシスマイク–Division Rap Battle)是一个由KING RECORDS和EVIL L...	",89,1611117,27307,412,185,
5479436053,Realsh!t - 纯 正 好 货『HipHop说唱 R&B』,Philooooooo_,317319163,"介绍：	这里全部都是纯正好货.	大家多多分享给自己的小伙伴哦~	",189,128023,1510,30,8,
5295292555,- Rap『压 马 路』,3shMoneyAp,449479492,"介绍：	不客观目录，喜欢就多听点，纯属个人喜好	",517,1565408,23550,597,18,
2255378404,說唱rapper［又喪又甜］/-,808我是个飞行家,313753169,"介绍：	【多情便利店夜夜為妳開張】每晚陪你入眠	",411,202333,2037,33,2,
6811139758,说唱入门歌单。emo 情歌 trap/boombap,EMOEmoEmoeMoFITS,3916126461,"介绍：	因本人出国 很多歌曲无法收录 现需一名小伙伴来帮我打理歌单….. 有意向的联系	歌单收录各种风格的 偏说唱 私信可加歌	",124,1223596,2655,216,11,
6851771370,“情歌说唱”｜Rapper们请你吃颗糖 保甜！,史丹尼尼,3988536241,"介绍：	这糖保甜～	",22,72070,1286,2,2,
6971956991,你需要的热门国语说唱,确实音娱,115796360,"介绍：	收集热门国语流行说唱	欢迎大家一起讨论哦～	",41,9738,231,207,评论,
2507563322,drb全角色歌及battle歌曲,酱瓜咸不咸,642385610,"介绍：	无抓马，纯歌	封面自画，喜欢自取	[新增涩谷横滨曲]	补充可留言	想换相册图片了，有没有想看的鬼畜图，我飞速摸		",74,382971,10020,110,126,
5070814755,bbno$ 魔兽世界游戏时间专属BGM,bbnomula,431485155,"介绍：	the music i listen to when i play world of warcraft hhhhh wo a ni 我在玩魔兽世界时听的音乐 哈哈哈哈哈 我wo 爱a 你ni	",37,247458,3460,89,349,
5215142408,【说唱】 温柔 | 旋律 | 治愈,SG丶无名小姐,1653795852,"介绍：	来了就留下你的痕迹哦！	",46,1526194,22531,48,875,
6708210382,这是一张嘿人听的Trap歌单,Judith_ANGEL,485795511,"介绍：	收录，国内外纯正Trap，味道必须纯正，请注意我的用词。	",87,646357,3432,3306,9,
6901098558,诉说回忆与经历的说唱伴奏【RAP BEATS】,RONIN-MUSIC,5011035536,"介绍：	走进回忆，往事怎能如烟。这个季节，云烟浮动，花草葳蕤，有多少感念在风中摇曳。	",52,214202,3410,2,2,
2379475813,孤独说唱 | 一点微弱的共鸣,趁船,1415910024,"介绍：	不要被生活的琐碎阻挡了你无畏的心	",147,288916,4373,142,39,
6952253696,加点说唱Sauce，生活更有Sense,硬地原创音乐榜,3242104111,"介绍：	 【硬地新歌Vol.19】&说唱特辑	分享近两个月的说唱新歌，	让思绪跟着说唱旋律一起跳动，	身体不自觉地开始wave，	不听完不许睡！		/封面源自网络	",46,122857,742,6,7,
5069682147,每日一首小众歌,艾木皮三,1340526200,"介绍：	每日一首小众歌 每日更新 欢迎投稿哦	",475,1602314,23270,349,162,
4917180830,欧美rap|李京泽 马师 卞架歌都有,Kanye_,1599392350,"介绍：	HHH	",258,126078,2503,40,8,
5315493065,FLOW的艺术—中文boombap的极致魅力,COMBO9,456323601,"介绍：	中文说唱，精挑细选的国语boombap。感受深刻的歌词，在摇摆的节奏中享受每一种flow。	持续更新。	(不接投稿)	",62,194517,764,11,10,
5328254815,//甜度超标//情话Rap；情歌说唱,哥德巴猜巴赫,1754872703,"介绍：	情话Rap	击穿你的少女心	来评论区留一句喜欢的情话吧	欢迎投稿！（包括歌单封面哦）	",223,1159934,3796,135,39,
3086778637,注入灵魂|当神级说唱遇上天籁HOOK,Unexplainable,453046904,"介绍：	麻神+断眉	阿姆+日日	枪爷+卡妹	逻辑哥+毛刷	逻辑哥+共和	阿姆+麻辣鸡	卡迪 B+魔力红	机翼+凯拉尼	马龙+Young Thug	枪爷+BeBe	枪爷+Yungblud	XXX+马鹿马	一鸡+洗茶	麻辣鸡+小混混	DJ 景甜+比伯	机翼+猴西	...	",39,1873130,33850,314,217,
6918097707,粉红法拉利｜贝贝,如果我不说唱了,513946110,"介绍：	贝贝 X 啊之 X 达芬奇 《粉红法拉利》	",80,65900,423,7,评论,
4869244294,New wave/Emo+二次元Rap+亚trap+2d旋律说唱,SunnBoibaby,1374872338,"介绍：	(｡•́__ก̀｡)纯正口味 可抑可摇 随机播放 多国语言 持续更新	",427,273624,10282,163,93,
6775976497,【欧美】深情说唱•将爱意投放进音乐和酒精,LiLaCphoria伊柾,409028007,"介绍：	多亏还有音乐和酒精，		不然人类澎湃的爱意该往哪里投放。		酒能在高兴时助兴，在悲伤时解忧。		在无心睡眠时带来一场酣梦，		在灵感枯竭时带来酒兴。		生命注满了爱，犹如酒杯斟满了酒。		我醉与不醉是在...	",48,395290,4819,97,32,
6676397414,夏之禹「年轻的下巴颏子」巡演歌单,ShiningLeopard,362011496,"介绍：	还有《we can be chilling》	",16,9620,191,22,2,
5384130544,治愈说唱 I 越过黑暗的那道光,一只喵喵喵星人,286427520,"介绍：	今天，你又是为何戴上耳机？		才发现，音乐真的是有力量的，治愈的力量。		愿你有好运气，如果没有，愿你在不幸中学会慈悲；愿你被很多人爱，如果没有，愿你在寂寞中学会宽容。		在这，禁止沮丧！		——	华...	",52,1496175,12585,202,70,
6920033687,Rap和你，我都不想失去,一只眼睛的鹿_,1447630647,"介绍：	我不是今天才想起你，只是今天，我特别想你。	",54,304267,3653,15,14,
7057702962,中文// 《说唱诗人》| S H O W F L O W,-甜饼怪BABE-,484356241,"介绍：	打游戏必备好听中文说唱	",192,169409,6851,22,7,
6664364446,【beat全网顶级】制作特别牛B的说唱伴奏,DAISY_tL,3575748309,"介绍：	持更 建议随机播放	进来的兄弟麻烦多多收藏评论分享	都是制作特别牛逼的免费伴奏	每首都认真听过才放进来	区别于市面野鸡歌单	接受高质量作品投稿	投稿：lzt1721937193（备注来意）	",298,106292,3207,29,19,
5101473937,很遗憾没能好好接受爱,Roy要努力,2116877111,"介绍：	“也许是初识太过惊艳，过后难免平淡了吧”	",56,288303,2882,34,60,
5305929925,说唱 ｜ 只要笑一笑 没什么事情过不了,煎妮BoBo,395063023,"介绍：	天空是绵绵的糖	就算塌下来又怎样	只要笑一笑	没什么事情过不了		原歌单名：	记得把平凡的日子 过得浪漫些	",47,1593031,14631,249,112,
6884773203,『失恋大药房』你的心病我有药，敢要吗？,RANRAN不后悔,5088887878,"介绍：	看着这世界，人潮汹涌，车马无鞍，越来越多的时间埋没在了娱乐的场所里，越来越多的人颓废在金钱的诱惑下，梦想开始被现实嫌弃，目标逐渐被生活折磨，许多人开始不相信当初所坚持的，许多人开始埋怨出身的...	",57,124541,3301,3,评论,
2644743965,【海外说唱】超级好听英文Rap歌单,棉花糖Edm,357701301,"介绍：	多以西海岸说唱为主，只是选择性挑自己喜欢的歌进歌单。（随机播放，惊喜不断.）（喜欢就收藏，爱就分享.）不固定更新哈。	",148,724280,10154,86,106,
5318529316,【姜云升】云南仙人跳,星球23号,2108096706,"介绍：	给自己取名叫僵尸 即便他们说没有型， 因为在游戏里僵尸头被打掉 步伐也没有停。	",98,192077,4972,58,25,
5219297856,New Wave ｜还是你有眼光,祝君早日上岸,1665223237,"介绍：	什么是new wave，怎么定义new wave，看你了！	",39,1023887,1105,163,评论,
5104207413,好听到炸裂的旋律说唱,白咿呀白,2040442269,"介绍：	旋律说唱的亮点在于那些抓人的hook，当旋律响起便沉沦其中，一起来听这些扣人心弦的旋律说唱	",288,56606,1678,4,1,
6971534393,超好听浪漫的旋律说唱,少女的喜欢_,3277385997,"介绍：	注意事项:请保持快乐	",185,262490,18141,19,7,
5362903127,总有一首感情激烈的说唱会让你热泪盈眶,JealousBoy,516122350,"介绍：	听说唱不只要听旋律、韵脚、Flow，	更重要的是要了解这首歌的歌词。		也许说唱歌手	吐露心声，	示爱家人，	感恩社会，	诉说苦闷……		如果了解了一首感情激烈的说唱，	或许你会为之所动，	甚至热泪盈眶……...	",45,92415,899,30,14,
6654696058,宝藏说唱丨甜rap丨猜你爱听,一个EDA,374150187,"介绍：	世界上有这么多好听的歌		有这么多宝藏的说唱男孩		我们一定要好好的活着( •︠ˍ•︡ )		✨✨✨✨✨✨✨✨✨		欢迎投稿(ФωФ) 踊跃投稿	",39,9095,2308,0,评论,
3191007612,甜甜的恋爱【情歌说唱】,Double绒,329255375,"介绍：	喜欢一切让人感到温暖甜蜜的东西如果你也喜欢，那你一定会喜欢这个歌单	听了这个歌单都会收获甜甜的恋爱哦	歌单里不全是情歌说唱哦还有我喜欢的一些R&B和melody（嘻嘻）	接投稿	不定时更新…	",174,1288979,15225,751,255,
6959470800,旋律说唱 | 甜度超标°,雾中的河,3968139597,"介绍：	精选所有抒情说唱	",99,100374,1211,2,评论,
5362410247,『华语说唱』愿所有的来日都可期,贾嘉葭,262796225,"介绍：	我明明很温柔，会给乞丐零钱，坐公交	车会让座，无论做什么，我都会说谢谢，	可世间疾苦，一样都没放过我	",105,284947,8692,2958,79,
6691386204,我和你有一个共同点，就是都很喜欢你,饼饼今天学习了嘛,1685802164,"介绍：	我和你有一个共同点，就是都很喜欢你。Yic	",100,1492826,48119,2175,9,
7028713593,旋律说唱｜温柔甜到循环,DOGGYE-,536199420,"介绍：	我把城堡垒得很高，唯独给你留了花路，忠诚和热烈	",22,123218,2121,115,1,
5013820355,Urban制造所：与你内心的阴霾挥别,灵魂超市才不卖月亮,304641565,"介绍：	夏日接踵而至	闲暇之余风光正盛	在充满科技色彩的空间	放松你的身体随之舞动	探索urban中的轻快节奏	感受情绪肆意的宣泄	驱散阴霾和苟且	而我们也要调整慵懒状态	用心聆听都市之美	",56,434942,5355,96,56,
2046488979,「中文说唱」我走路带风可以这么形容.,LuCio路西奥,411608438,"介绍：	或许你也喜欢中文说唱.	",348,792698,9855,58,33,
5461843469,好听到爆的说唱,吃炒面很老练_,2036102160,"介绍：	不定时收录，欢迎私信投稿	",225,182854,2781,108,50,
6651218832,AOMG ！韩国最帅嘻哈厂牌 A社女孩心头爱,云音乐VIP,1452176465,"介绍：	AOMG由朴宰范于2013年8月创立，厂牌全名:Above Ordinary Music Group，译为“超越普通音乐团体”。		厂牌特点：颜值高、实力强、小yellow歌、170，人称“Yellow暴矮子社”（目前公司平均身高正在逐年增加....	",64,53342,1335,15,21,
6607580431,爱一个人很难|情歌rap,dazzd,381977701,"介绍：	上榜请私信	",15,81218,923,931,1,
7086586403,「说唱hiphop 【中文精选】Made in China,-甜饼怪BABE-,484356241,"介绍：	喜欢的宝宝点个收藏会持续更新可以接受推广与合作	",681,215479,14489,40,5,
6587223910,Rap Spirit,LEZH_,3862433954,"介绍：	Rap	",301,9032,451,110,102,
752925229,高质量免费beat,尤它不结巴,498085600,"介绍：	免费beat	",1061,1281325,19106,271,47,
4957710097,【EMO RAP】国产,YYYDISTRUSTLUV,1536756792,"介绍：	“要埋葬你的回忆”	",396,276136,4230,153,183,
7089191503,含糖Rap贩卖机丨冬日恋爱日记,银河味苏打,3348813589,"介绍：	浪漫的旋律响起，鼓点敲打心房，有你在身边，是岁月更迭始终如一的四季，是浮生春风归依之处的桃源，是这世间万物平野山丘。	",23,99757,1056,13,13,
5190881337,十六岁的朋友到六十一岁也要一起玩,大肥猫好可爱哟,3314036725,"介绍：	你在我心里是患得患失的知己	而我在你心里应该是可遇不可求的沙雕	我们是老了也要一起一边喝奶茶铺里最新的奶茶	一边回忆年轻时候喜欢的爱豆的关系	",31,1445745,18941,1080,63,
7062374713,说唱|甜甜的恋爱正在向你奔赴,芒果是狗狗,1405837572,"介绍：	甜甜的恋爱正在向你奔赴	",79,122096,26,107,评论,
6711360420,如果古代侠客决定去当Rapper,听音乐吃火锅看烟花,564488808,"介绍：	一切都要从那个侠客听到一段flow说起...	只见，那壮士绣口一吐：	“DJ drop the beat!""		封面：周建安	",27,782752,9585,100,49,
6663187462,EMO Rap |情绪说唱| New wave | 丧,Judith_ANGEL,485795511,"介绍：	坏情绪都是难免的，但生活还是要继续的，早日康复	",965,1191290,169246,1806,20,
5339763387,希望你能做个好梦我也早点睡,九分钟的路,248197664,"介绍：	慢更	",332,177717,2838,326,20,
6600147568,甜到你心里|rap15首,dazzd,381977701,"介绍：	上榜请私信	",17,177255,3292,3572,352,
7084684333,大概率她根本不会想起你,和你双排就像坐牢,3945890916,"介绍：	为什么你还是常常出现在我的梦里……	",128,151253,13439,13,5,
5237416818,中国新生代 | 那些崛起的说唱后浪们,薛定谔的缝纫机,68014748,"介绍：	随着《中国新说唱》等说唱节目陆续的上映，今年嘻哈一词在国内迅速蹿火，席卷了大街小巷。嘻哈已是当今的超级热度，说唱、街舞等充满着街头文化的嘻哈话题在人群中火速传开，从一开始的“Freestyle”“Skr...	",94,1034857,10635,164,102,
5331032982,说唱新世代第一季，好听的歌曲,图兔兔no,109066565,"介绍：	说唱新世代歌曲，适合单曲循环，无限循环	",44,8659,72,2,评论,
5259840911,Show Me the Money 9 - 给我钱9,HeyareyouoK,253189287,"介绍：	nh相声大会第九季（bushi）	终于来了	本歌单里的歌暂时为赛前预热	10.16正式播出后开始更新节目插曲、beat、单曲等	（这次制作人阵容真的好peace 相声演员코쿤 搞笑演员다듀 只要出张脸都好帅的小可爱휘민...	",123,36337,333,3,4,
4937924937,说唱BEAT/经典的说唱伴奏,论争,1468360908,"介绍：	一些可用的说唱伴奏beat。经典永流传。	",97,92226,1460,140,3,
4890328458,盘点NEWVAVE$醇正好货$,killerJKJ,1357246304,"介绍：	欢迎投稿	",248,275447,2904,430,19,
5323122346,Hiphop（ Trap | melodic rap旋律说唱 ,秋chill的首席推歌官,413345699,"介绍：	抖音:香菜小绿 无脏标E不歌单	Hiphop歌单 不都是trap	别说这首不是旋律 那首不是trap了	gfunk jazzhiphop gansta都有	会根据自己近期喜好排序 歌单禁止搬运 ———————————————————— ——...	",810,1404681,21088,301,97,
6746130018,FreeBeat/顶级免费说唱伴奏/RapBeat,说唱少女101,3372680209,"介绍：	Free Beat 高质量那种	",60,28583,503,2,5,
5069691004,爱像掉进一瓶酒里 酒是草莓味的,GnaScheY,1866769149,"介绍：	其实我不用看到你的脸才能喜欢你，也不用听到你的声音，不用知道你有什么消息。我所知道的是，在生活中不多见的闪光的时刻我会想到你，烟花升起来，雪落下去，人们围上来拥抱我，这样的时刻。我猜你和世界...	",128,750236,9206,146,37,
2621595367,40首「硬核」健身【核精神氮泵】,Rabbit-Run-,316039327,"介绍：	歌曲都是我平时健身听的	dubstep rap 旋死 重金属	喜欢的小伙伴们点个收藏	我们深蹲到天亮		",42,692998,6992,54,80,
5235751669,花，开了 还，回来吗,北极是我正在融化的心,510540281,"介绍：	说唱不在押韵 如果你也喜欢饶舌歌手	",923,176898,1495,746,1,
6614100004,北京HARDWAY成员精品歌单,T-Bet_,1365862981,"介绍：	会持续增添成员推出新作品，敬请期待(｡ì _ í｡)	",13,107745,1077,820,评论,
2850487441,神仙rapper们唱的神仙rap~,Kotaku_,1526403694,"介绍：	神仙说唱	宝藏rap	主打情歌	全部都很耐听！	最好晚上别听哦	会上头哈哈	有好听的rap想投稿的bb私信我哦	目前只接受很甜的情歌投稿！！！	也暂不接受毛遂自荐 因为已经接纳好多啦	不好意思咯	最后！麻烦跟我...	",523,833345,11095,90,38,
6901114864,舒 适 禁 止 出 售,别在冬季失约,430776171,"介绍：	在我们身边，什么都会背叛，可是音乐不会。哪怕全世界所有的人都背过身去，音乐依然会和我窃窃私语。	",83,8218,542,3,评论,
6720893793,日语大和民族的歌曲,Alimjan_Abdurezak阿力木江,1661470704,"介绍：	网易云音乐日语大和民族的歌曲，电子，流行摇滚音乐	",69,24472,1907,142,评论,
5434924849,精选说唱 | 伤感旋律rap,rtyhd7,3948473970,"介绍：	我是为你而来，不在乎穿越绵绵山脉	",37,271625,1972,23,10,
6689239865,国产狠货丨中文旋律说唱,洋柿子来了,1952811201,"介绍：	我们以自己的方式去诠释了旋律说唱这种风格，并打造出属于中国的Melodic Rap，这种说唱类型也更容易让国人接受，所以我整理了一份以华语旋律说唱为主题的歌单。 我希望更多的人能够通过这个歌单去认识到我...	",56,90945,529,16,6,
990015063,尝一口你就知道敲甜的rap［情歌2.0］,Aloneha,273860793,"介绍：	吃到了一颗好吃的糖 想跟你的嘴分享	",132,1374165,17257,187,53,
6703410214,“掉进陷阱也不影响我摇起来”trap说唱,SurpassMusic,4917056566,"介绍：	听着走路都带风的说唱，嗨起来	trap歌单，持续更新	",34,364105,934,7,6,
5020209887,rap精选｜你想要的punchline都在这里,一个男同学-Anthony,291600970,"介绍：	孤勇和热血都在这里	丧的时候别灰心	美梦的app会开启独家限免	美梦总会成真	",117,729593,9262,101,49,
2688991686,那些酒吧里放的特别拽的歌曲$,2-5R,438047742,"介绍：	在酒吧里听过但是你不知道歌名的那些歌	",135,446492,6035,71,59,
6661754130,『励志说唱』别拖延为梦想努力奋斗,雾中的河,3968139597,"介绍：	努力向上吧，星星就躲在你的灵魂深处；	做一个悠远的梦吧，每个梦想都会超越你的目标。	有压力，但不要被压垮；有迷茫，但永远不要绝望。	勇敢地去追求梦想，大胆地去创造奇迹。	快乐与幸福只属于拼搏的你...	",60,174416,1256,6,1,
6614637277,《高等rapper4》| 比赛Beat/BGM/音源大收录,幻境少女文知绣,45373159,"介绍：	泡粉盛宴之高等rapper4开赛，强大导师团坐镇开启黑泡盛宴。		第一组:Simon Dominic & Loco	第二组:Changmo & Way Ched	第三组:The Quiett & YUMDDA	第四组:Jay Park & pH-1 & WOOGIE		节目已开播，相关曲目...	",85,44443,727,3,7,
2838053441,中国牛逼的Emo Rap,MISTERK_,339436039,"介绍：	这个歌单收录了我认为国内很厉害的Emo rap，每一首情绪都很到位	",130,793273,10151,198,156,
6668276316,营养怪兽粉丝说会让他们燥起来的歌,营养怪兽,115025640,"介绍：	高赞收录	",23,8100,149,1,1,
5375770324,【情歌】真正浪漫的是跟你一起共度的午后,UKnlo,2087736571,"介绍：	最美的不是下雨天，是曾与你躲过雨的屋檐，	",123,13094,547,0,1,
5088291184,火钳留名2021「姜云升」,Yeoman_Y,92590135,"介绍：	你一定能够成长你想成为的人，三门天下姜云升	",48,268433,4525,44,44,
6635567130,【说唱伴奏】EMO BEAT 无题,Lion_Z狮子,419964543,"介绍：	如果可以的话 我不想只在深夜想你	如果可以的话 我不想喝醉才敢想你	如果可以的话…	",39,81008,3545,2,评论,
6631262910,就怕rapper说情话 撒时候有甜甜的恋爱,GRU__iZa,1294496571,"介绍：	原来rapper的嘴巴不只有diss 还有甜甜的kiss	",172,1319624,12077,126,52,
6840459826,中文说唱热门单曲预测,苏方一杰,335703712,"介绍：	一直都在预测失败的路上从未停歇...		只要你喜欢，它在你心中就是一首热门。	",41,305527,7687,2881,7,
5447790171,日新粤异，白话说唱Stand Up！,蜜糖男孩,1650191296,"介绍：	方言说唱一直是国内Underground中的Underground。粤语韵脚的说唱歌曲，会有如何的别样风味？点开听听看。本歌单持续收录粤语说唱作品。	",43,639885,4328,80,30,
2523624603,迷幻Trap|嘻哈毒鸡汤,SteveRillex,395293841,"介绍：	最早的“Trap”在俚语里指的是毒品交易的地方和难以挣脱的生存环境，这个词起源于亚特兰大，Dungeon Family， Outkast， Goodie Mob和Ghetto Mafia等黑人嘻哈歌手是最早在音乐内容加入“Trap”的歌手。歌迷和...	",113,5830137,82425,1144,343,
5194425487,J-HIPHOP｜日本嘻哈进化史,亏普,44703363,"介绍：	契机来自《别再问我什么是嘻哈》这本日本乐迷视角下对hiphop的解读，所以找来一堆J HIPHOP来听，据说日本嘻哈从藤原浩播放嘻哈唱片开始，歌单中也有藤原浩朋克说唱组合早期专辑索引，听下来更多是玩票性质...	",51,159552,2019,99,16,
6945819874,【RAP】甜到炸裂,Cast-Off-Music3,4987484153,"介绍：	时光温柔，还需你懂。生活可爱，也要你宠。	",33,175789,2599,219,4,
6688882095,【姜云升】红到西海岸（看简介）,爱听说唱的晴晴子,295538196,"介绍：	很多下嫁和废歌在我云盘中，需要可dd思信我哦（有一半你们在歌单中看不见听不了的哦）	v：BeardHarden	",187,769203,16727,140,279,
6828091665,1MØ N0T fa11 In LaV,CheNLIn_2000525,294301496,"介绍：	We.are.the.same.page	【随缘更新】	",131,7180,402,0,评论,
6647938790,你还未发现的宝藏Rapper丨超级好听,一个EDA,374150187,"介绍：	精心挑选	带给我们这些好听的歌曲的rapper	我对你敬礼	Salute		",31,11313,534,1,1,
5457775173,嘻哈 | 这是Hip-Hop聚集地,还让她,472016744,"介绍：	嘻哈（hip hop）诞生于美国贫民区街头的一种文化形式，一般的说法认为它诞生于美国纽约布朗克斯。嘻哈一类流行文化包括rap音乐，舞蹈形式，涂鸦艺术和服饰等流行时尚。该词被认为产生于20世纪70年代纽约市，...	",32,260327,3500,207,2,
6656946202,姜云升（未发歌 -架歌 写废歌）,匀升Y,1960306301,"介绍：	喜欢姜云升/rap的小盆友们进来来康康哦	姜云升你是我第一个喜欢的rapper	四年啦 你终于火啦！！冲冲冲	给我红到西海岸！！！	《教父》《向前》还有直播时候写废的歌都可以在节目上找到或者去B站找	",104,1311645,37000,462,102,
5116982469,说唱听我的 第二季 『同步更新』,AzR_Teli,324376244,"介绍：	由于节目版权问题，部分参赛歌手的作品只收录了一首热门单曲，喜欢他们的可以通过作品前往歌手页支持他们哦！		每一期参赛曲目会更新到评论区，欢迎大家点赞哦ListenUp2020终于官宣，正式定档五月！中文名...	",412,77946,471,1,1,
5167680672,Mai神 系列 ,大概是个好人a,1512623364,"介绍：	Mai神 牛逼	只有mai相当于他个人beat的水印	后面带the red flower代表HHH		/mai the red flower ♡		本歌单包含︿		404rapper的歌曲	404所以成员的歌曲	mai神与他人合唱歌曲	mai神beat水印歌曲	mai神混音歌...	",285,28819,403,5,7,
4948579774,催泪说唱/你还是没能留住TA,论争,1468360908,"介绍：	ta走了，你还爱吗？回忆起来，你还是没能留住ta。享受孤独，却又不禁回想。	",77,609103,8142,640,60,
6610703103,东京街头嘻哈正在入侵,Zxy在向下扎根,443546368,"介绍：	以往和传统流行市场所认可的流派相比，hip-hop仍旧只是个外来者。不过近几年，日本hip-hop文化的兴起令人感到十分欣喜。		不仅如此，如今日本各大城市可供选择的说唱类型呈现出多元化的趋势。Hip-hop最早通...	",45,150014,6884,2725,3,
5321504769,【☞新疆新说唱-RaP♛♪】★Mung KuY,KOMPAS_,1542549692,"介绍：	【★】♛新疆新说唱来了-喜欢的来听 ♛【★】MuNG Kuy	",107,225400,1343,14,5,
2849230282,免费伴奏丨FREE BEAT丨说唱伴奏免费beat,1t在月球,340196853,"介绍：	可投稿 不定期更新/佛系更新	这是一份国内优质制作人制作的免费beat的合集，为国内rapper新人提供最好的免费伴奏！同时也提醒各路rapper们注意版权意识，免费伴奏不可商用，每首beat请按制作人要求使用。	...	",606,735981,14787,1827,28,
5464156580,-嘻哈风格 | 乘风破浪 万物皆可说唱.,#NAME?,1388612194,"介绍：	“其实在听着嘻哈音乐的时候 仔细感受下歌词 就会发现原来嘻哈歌词也是一种文案 它直接 不罗嗦 但句句令人回味”	",61,6916,1227,0,评论,
6859204975,show me the money10|BGM Beat 音源同步,幻境少女文知绣,45373159,"介绍：	第一组制作人：AOMG-Gray;YG-MINO	第二组制作人：Black Lable-Zion.T;Slom	第三组制作人：Daytona-Yumdda&toil	第四组制作人：Gaekeo;Code Kunst		节目音乐持续更新中……		部分有音源无版权：	SINCE《Go ...	",55,10238,51,0,评论,
5318994564,即使我做什么 都没有意义,子木流弊,1697493429,"介绍：	如果不爱了，就请你离开吧	",47,255451,4194,619,16,
2313914132,lil jet 豆芽 姜云升 马思唯 法老,云朵西柚,586935975,"介绍：	你应该知道我这么帅只会出现在动漫	",137,1256587,19030,126,58,
5246275163,超适合写歌的走心说唱伴奏｜Rap beat,DIVINE_MUSIC,3883298960,"介绍：	专业制作人角度精选走心说唱伴奏（不定期更新）	欢迎制作人投稿质量优先	",102,70008,211,135,1,
932127816,关于恋爱说唱炒鸡甜的歌单(持续更新),可爱到人畜无害,451453324,"介绍：	关于各种各样的甜甜歌单.	",239,555192,7307,97,55,
5363801096,2020 Billboard 说唱年榜收录,云音乐说唱专区,3856379473,"介绍：	2020年 Billboard年榜说唱最热单曲收录，歌单顺序根据排名决定	",51,902582,8541,73,52,
6734203819,【维吾尔族说唱】UyGur Rap』,beatport乐,127574927,"介绍：	维吾尔族说唱集 继续更新 ·	维吾尔族最火的rap 说唱集	",425,151190,951,11,2,
4858871853,88rising⬆【最全收录】,ASHLEY-ZLX,544634760,"介绍：	持续上升的88昇	",540,519790,12187,107,42,
7099645112,2021网易云音乐中文说唱年度盘点入围名单,云音乐说唱专区,3856379473,"介绍：	详细名单见：https://music.163.com/#/topic?id=53229797	",86,8352,100,2,2,
5287038506,流行rap：温柔的旋律和tempo,顾柒柒不难过,346769611,"介绍：	流行说唱/Hip-Hop是适合电台广播的说唱，主要特点是	吸引人的旋律与节奏、干净利落的制作，以及噱头的推	广，这种风格也称“干净说唱	歌单选择的歌曲是比较温柔的，歌曲比较适合女生或是平常调整心情。	",66,7134,97,2,1,
6772668047,夏日情歌特辑|玫瑰永不凋零 我的爱永远热烈,AkashiAshes,346856025,"介绍：	“突然想来一场夏日恋情。随便穿短袖短裤拖鞋出门，去超市买一瓶冰可乐，然后一起去海边，沿着海走路或者奔跑，让小腿也感受到海浪的清凉。然后等到傍晚，一起去野馄饨摊，吃烧烤喝啤酒，再去买花回家跟星...	",25,251431,2433,74,9,
2246029783,R&B「中文说唱」旋律控-说唱叙事,戴草帽的香克斯,121872884,"介绍：	收藏最宝藏的说唱旋律	",97,1238034,13259,89,12,
5246212244,说唱新世代 坠吊的！！,阮吱吱,436974651,"介绍：	×××無×××		持续更新ing	缺失歌曲(第Ⅺ期→第Ⅰ期)	求求网易云爸爸gkd！！！		Ⅺ	返老还童-圣代	是我-懒惰	世界以痛吻我-惰椒沙丁鱼队	美杜莎庄园-三个队长队	给说唱新世代参赛选手的一封建议信-地天队	生命...	",51,526006,7908,65,56,
6720783807,「中国风说唱伴奏精选集」Rap Beat,说唱少女101,3372680209,"介绍：	探寻中国制作人的浪漫与豪迈。仅做整理，版权使用相关问题，请联系制作人本人哦。	",66,63196,407,113,2,
2689902290,♥︎ 超 甜 rap 想 和 你 坠 入 爱 河 ♥︎,站在月亮上的少女,401377310,"介绍：	甜甜的恋爱很快就会轮到你啦	2021一定会是美好的一年	",52,6580625,84810,928,220,
6606779144,甜蜜Rap: 俘获你的芳心只需要一个beat,钟泽希,59525119,"介绍：	恰好路口，你也在等着那个红绿灯； 		恰好今天，你也听着那首我喜欢的歌；		恰好旅途，你也经过那个车站。 		你纠结，我恰好笃定； 		你难过，我恰好能哄你开心； 		你失眠，我恰好陪你一起醒着。	",19,175420,1392,18,8,
6928828205,尘间纵喧嚣，心中有净土,#NAME?,1482956412,"介绍：	Hiphop不是性与毒品，是要你面对生活，勇往直前 是你在悬崖边拉住你的那个声音.	",41,6554,146,0,评论,
6786852885,和风Trap丨暗黑的迷幻,3AM-y,1981735139,"介绍：	和风trap，18岁以下慎听。	个人喜好，持更，别叫。	",34,7016,402,0,评论,
3020665186,瞬间抓耳的旋律说唱伴奏,WHICH_VEE,2003505625,"介绍：	beat maker投稿私信，付费伴奏请勿白嫖，保护制作人权益！	",218,251074,2677,29,8,
6662878509,即刻律动 • 节奏当道 | R&B/Trap/Hip-Hop*,Bronkent,137455276,"介绍：	这是一个杂烩向歌单 主要收录如下*	收录曲风包括: Rap，Trap，Hip-Hop，R&B，Future Bass，Dance-Pop*	每一首都是个人精选 只为解决您的歌荒*	新旧歌曲同步交叉 顺序较乱 还请谅解*	可随机/循环播放 惊喜宝藏多...	",1273,1205784,13005,308,40,
5387647895,说唱伴奏 | 创作宇宙,说唱伴奏站,1844510388,"介绍：	Trap/Old school/new wave/emo/R&B/lofi/inst./jazz/Type beats	不定期更新	从好听度和创作性精挑细选的伴奏，希望能让更多说唱爱好者	参与到创作中来	带free标的是可免费非商用使用的beat	请自行与作者沟...	",426,31893,796,52,25,
2452114012,超甜/只可私藏 不能共享,等你的双眼陪我看世界,399754502,"介绍：	嘴甜是因为心甜，心甜是因为你在里面	",73,2143438,30830,355,74,
6975738864,旧派说唱 | Old School,云音乐说唱专区,3856379473,"介绍：	旧派说唱（Old School）时期通常指1979-1984年内的说唱音乐，在得到70年代多位DJ（包括Kool DJ Herc、Grandmaster Flash、Afrika Bambaataa等）技术上的革新后，结合Breakbeat（碎拍）、Scratching（搓碟）...	",84,7281,44,0,1,
6940260603,姜云升真没睡她,里奥Lione1,313985761,"介绍：	姜云升，艾热，杨和苏，那吾	",77,6512,37,0,评论,
6714161212,Ayo！蔚然花海 成都音乐节,你要乖喔-,1776663236,"介绍：	2021-04-17	",49,6911,110,3,评论,
6875338655,『私人FM』你搜不到的宝藏声线,迷路____________,3994185646,"介绍：	你要努力成为一个值得别人去爱的人，而不是强求别人喜欢这样一个糟糕的你。	",59,246227,1647,8,13,
6636093831,rapper的情话，是你永远猜不透的谜语,71192_,1765683924,"介绍：	来评论区写下你们的甜蜜日记	",353,1155908,11962,93,101,
6712079651,免费Boombap Beat (硬核/东海岸/老学校）,Nightdevil-BEAT,331807247,"介绍：	免费 Boombap Beat (硬核boombap/东海岸/old school)	",94,14089,405,13,6,
5206470585,说唱｜听rapper说情话，甜到你心里,灵魂诗仙,1426292524,"介绍：	宇宙诞生银河流淌着的是星空	爱人的情话微甜星球也初生陨石	正义与雷电碰撞能源流失故土	量子力学的浪漫凝聚态最终融合	所有遇见的事因为有你都变得浪漫起来.	",18,3762540,17255,866,378,
7026959311,甜蜜Hip-hop｜夏日粉色心动,MATcH是火柴,5049214871,"介绍：	你是我无限脑海和永恒时间的嚣张份子，而无限与永恒是我与你能共享的唯一。cr. 网络		——2021.4.29/22:39	",28,64367,661,9,2,
6606203549,RapBeat╳OldSchool,putridus,368100309,"介绍：	说唱O.S.beats	Boombap	Funk..	",48,6046,401,0,评论,
6637890048,愿日后眼泪只为感动໖[苦情歌说唱],不喝奶昔的小波,1731538975,"介绍：	别再等了 你应该振作起来	",27,5861,419,0,评论,
6640210018,炸裂说唱伴奏｜rap beats,GGGGGU8,1946279647,"介绍：	甄选全网炸裂说唱伴奏，欢迎优秀制作人前来投稿	",76,5462,62,0,1,
3141858524,Buster Bros!!!相关(不含Drama),南酙,1940681188,"介绍：	（来自企划ヒプノシスマイク–Division Rap Battle中的组合Buster Bros!!!）		Homies we are Buster Bros!!!		ブクロ最強の三兄弟。		排序：		个人——组合/battle曲——全员曲		专辑———动画———手游...	",27,19352,532,3,4,
