162,1,BV1Lg411T7iK,99,8477012,3219,谁说这是魔法？这是科学！,\/\/i0.hdslb.com\/bfs\/archive\/748dc6f85e920430006db24c73e506fbcdf36e9c.jpg,1949,60990,,http:\/\/www.bilibili.com\/video\/av506671891
162,2,BV1Qr4y1r7iZ,120,2748432,2481,【治愈脑洞】神明也会羡慕人间烟火吧？｜万物有灵且萌  第一弹  唯佳酱原创视频,\/\/i0.hdslb.com\/bfs\/archive\/9359f0e468fda07709bd8f7adee9f27b6af80f55.jpg,1906,59847,大家好～宝贝们可以叫我唯佳酱，我开始入驻b站啦～我会把日常中自己以及粉丝们的发现画成脑洞，做成视频给大家，这次一共有7个脑洞视频，以后也会多囤一些做成合集给大家，宝贝们日常中看到什么有趣的东西，可以拍下来投稿给我～一起发现生活中的小美好呀,http:\/\/www.bilibili.com\/video\/av764203413
162,3,BV1iU4y1M7JF,146,1738937,2983,你们画画居然还用笔?,\/\/i0.hdslb.com\/bfs\/archive\/8d7e3d9eb814e2741888878d58cbced8a675f708.jpg,2089,23972,最近一直在看过国王排名！ 名副其实的霸权！ 感觉已经很久没有看到这么好看的番了！  今天用指甲给大家画一个最好的国王，波吉。 和最好的妈妈--希琳！ 希望大家能够喜欢！  感谢大家的三连与关注，谢谢大家！,http:\/\/www.bilibili.com\/video\/av676660753
162,4,BV1kr4y1C7Am,54,1639423,574,一张简单的图，在大神手里就会变得与众不同，看完我跪了！,\/\/i0.hdslb.com\/bfs\/archive\/04d2597046c9164edffffb09435f177ceb56b0fa.jpg,1300,9766,www.youtube.com 零基础怎样学画画？戳→http:\/\/t.cn\/A6MjmGSW 画画如何接单赚钱？戳→http:\/\/t.cn\/A6MjmGFx 你是否适合学画画？戳→http:\/\/t.cn\/A6MjmqMj,http:\/\/www.bilibili.com\/video\/av764041419
162,5,BV1m44y1e72T,16,1525433,130,我的意思是，一个人是否值得被爱无关乎ta的外表你说是吧？,\/\/i0.hdslb.com\/bfs\/archive\/0840b570397f148cabf21e48180b8447461e452b.jpg,543,8656,-,http:\/\/www.bilibili.com\/video\/av976637954
162,6,BV12L4y1v7a3,136,1519923,356,美术高考好素描的标准和平时的素描标准有区别吗？,\/\/i0.hdslb.com\/bfs\/archive\/7b70b37598636b948e237dab905490a8b64894b6.jpg,967,7462,-,http:\/\/www.bilibili.com\/video\/av849206238
162,7,BV1ar4y1C7AK,66,1295422,1184,求求...三连~,\/\/i0.hdslb.com\/bfs\/archive\/9dc6aa3476eb1d54871a8fdaea611521214740a4.jpg,1336,38534,给自己视频画个三连结尾~,http:\/\/www.bilibili.com\/video\/av764009563
162,8,BV11b4y1t7b5,84,998667,727,越正经越少人看系列2,\/\/i0.hdslb.com\/bfs\/archive\/40fb8d11c9578629f74a591246c21c3c2c64f9fb.jpg,741,20320,孤芳自赏,http:\/\/www.bilibili.com\/video\/av634206005
162,9,BV1jT4y1R7Br,124,998194,1074,只有速度才能凌乱！,\/\/i0.hdslb.com\/bfs\/archive\/06aa9525a8496aa87da583287f0b2ac9d1391b2a.jpg,999,30510,建筑设计手绘，室内设计手绘，设计手绘教学,http:\/\/www.bilibili.com\/video\/av934219577
162,10,BV1hb4y1t7bq,18,835843,138,两个傻瓜的友情,\/\/i0.hdslb.com\/bfs\/archive\/ed58243383a5da94e8341cd2fd09646ed5165114.jpg,316,19163,,http:\/\/www.bilibili.com\/video\/av634161367
162,11,BV1xP4y157oQ,208,827342,2153,【抖抖村】只有绘画人才懂的梗!?你看懂了几个?,\/\/i0.hdslb.com\/bfs\/archive\/bfe5b3244415ca32860f6b1aefa63870bf72cf4b.jpg,1304,20627,绘画人才懂的梗!来测测你是不是一个合格的绘画人吧！抖叽~  每个人都该懂点绘画设计常识，欢迎加入我们有爱的大村子。各平台搜索：抖抖村 目前还有空位的抖村群：805453687,http:\/\/www.bilibili.com\/video\/av891672103
162,12,BV1Mg411T7ru,82,820697,298,【找回童心】喜欢看云发呆？那就一起找回小时候那种简单的快乐吧！,\/\/i0.hdslb.com\/bfs\/archive\/ae534db9f21e434a5e8d0b554a17f5a68cd04b65.jpg,457,13369,-,http:\/\/www.bilibili.com\/video\/av506685482
162,13,BV19v411T7nq,264,818099,2396,朋友看了我用铅笔画的《快打旋风》都说这绝对是幻术！！！,\/\/i0.hdslb.com\/bfs\/archive\/022675348c77b193cc3c9be6de62c18d0aa8acea.jpg,1567,14874,,http:\/\/www.bilibili.com\/video\/av251515119
162,14,BV1uQ4y1U7Zr,18,713060,173,历史上皮肤最多的老人,\/\/i0.hdslb.com\/bfs\/archive\/a1072ff6280e024b9bb2234ce4b3c0256590bf5f.jpg,509,10647,https:\/\/m.weibo.cn\/?jumpfrom=weibocom,http:\/\/www.bilibili.com\/video\/av719219759
162,15,BV1af4y1T7Gy,301,594419,482,漫 画 不 是 这 么 教 的,\/\/i0.hdslb.com\/bfs\/archive\/3d40bf2e0528c1a57944e885f03843a523d27882.jpg,582,24692,qq群：297789384 bgm：杀死比尔 英雄史诗  干货多到做不完，想分享的太多,http:\/\/www.bilibili.com\/video\/av379097500
162,16,BV1yh411x7s4,77,586578,309,小路的画法，你学会了吗？,\/\/i0.hdslb.com\/bfs\/archive\/12bc63d61e185ae0957b6e93eb5d6dba2fb441ea.jpg,232,9395,转载自互联网,http:\/\/www.bilibili.com\/video\/av209208709
162,17,BV1344y1e79N,59,568501,926,花火x意林，这些都是我画的哦！,\/\/i0.hdslb.com\/bfs\/archive\/24c5d237f82ec2bc14059b6fedac35091537198e.jpg,1037,10466,你们还在哪里看过我的画呢？ 私信回复1，获取小gua同款procreate笔刷。 私信回复2，领取小gua么么哒一个。 最新一期的IPAD板绘课准备启动啦！ 快来加入gua老师小课堂吧~@插画喵,http:\/\/www.bilibili.com\/video\/av976494170
162,18,BV1Y341187kj,33,562261,213,【创意设计】螺丝甩出来的草稿，再进行脑洞大开的创作,\/\/i0.hdslb.com\/bfs\/archive\/f3292111c5de3e63720a0aaaa3385775b5c3c256.jpg,218,7217,-,http:\/\/www.bilibili.com\/video\/av421708233
162,19,BV1MR4y1t7di,356,532102,1147,【技术变质】我用3D辅助绘画捏出了周姐？！,\/\/i0.hdslb.com\/bfs\/archive\/87ea11e2413ac0c8f3aa532606a529247581c58e.jpg,515,1465,点赞过2万我把图发到动态。 （这期视频真的是第一次尝试3D建模，现在还在慢慢学习中，大家待我学成归来，一定给大家一个惊喜。） 本期视频灵感来自王者荣耀大电影概念片，幻想了下百里兄弟母亲的样貌，希望大家喜欢。,http:\/\/www.bilibili.com\/video\/av336643004
162,20,BV1E34y1d7wt,22,531661,219,神仙控笔，一笔成画！,\/\/i0.hdslb.com\/bfs\/archive\/169ab55ba67b3c2cf4445f8a27337957cc7cb707.jpg,267,7725,手绘教程,http:\/\/www.bilibili.com\/video\/av806701132
162,21,BV1dh411x7mp,26,486395,27,这样画章鱼哥太简单了，一看就会！,\/\/i0.hdslb.com\/bfs\/archive\/481bae381a4f2c247cb797d53562b4d45382ece1.jpg,78,7873,-,http:\/\/www.bilibili.com\/video\/av209244729
162,22,BV1Kh411b719,359,466464,438,【WLOP】风曳【板绘】,\/\/i0.hdslb.com\/bfs\/archive\/af1ec8234b062f87c5106c278f6fb2a022dd815c.jpg,815,6321,当月创作的4k\/8k高清壁纸，PSD源文件，高清原速作画视频赞助后可获得：https:\/\/azz.net\/wlop 过往的作品可以在https:\/\/wlop.huotan.com\/ 单张购买。 除上述网站，其它任何壁纸网站上我的作品均为盗版，切勿购买。 感谢所有赞助者的支持,http:\/\/www.bilibili.com\/video\/av209148575
162,23,BV1zR4y1t7Rn,103,424718,115,手绘｜云朵碎片｜蘸水笔 彩铅 水彩颜料｜画云,\/\/i0.hdslb.com\/bfs\/archive\/c8981aedf718da674e8155c4205b1e1e0b6348a2.jpg,362,15529,一些平平无奇的云朵碎片,http:\/\/www.bilibili.com\/video\/av336745869
162,24,BV1Z3411k7UH,12,385379,39,这不就是我当年在学校时候的样子么,\/\/i0.hdslb.com\/bfs\/archive\/38b84eb77bfa790ae98127b88a0365547dd8e176.jpg,230,3908,-,http:\/\/www.bilibili.com\/video\/av421515112
162,25,BV14L411u7SK,121,339510,112,【阿莘】procreate｜ 《 化 妆 》,\/\/i0.hdslb.com\/bfs\/archive\/a20def349ecfed49b1be5e8c239ecab62b9e67ce.jpg,332,16001,BGM：secret,http:\/\/www.bilibili.com\/video\/av464069693
162,26,BV1zg411K7Y7,202,325707,126,做出赛博朋克风格的酷炫led特效居然这么简单？！,\/\/i0.hdslb.com\/bfs\/archive\/5ec15d13dbcefb3be5a7e709a49ff54f2b6cd96b.jpg,189,40177,今天的知识点有点多，同学们有没有做色彩笔记，快让班长瞧瞧！,http:\/\/www.bilibili.com\/video\/av506593250
162,27,BV11r4y1r7Nt,40,320595,41,五亿人看过她的作品，史上最容易学会的画！,\/\/i0.hdslb.com\/bfs\/archive\/0cb5bc9c77aae9ba0cae10169934d9feffcd74f1.jpg,74,6546,-,http:\/\/www.bilibili.com\/video\/av764152662
162,28,BV15f4y1M7jT,105,317343,88,Jonodry:&quot;我真的很自豪&quot;,\/\/i0.hdslb.com\/bfs\/archive\/b3f8dcddf378980c0868cacf678b06928a4d8780.jpg,82,4302,https:\/\/vt.tiktok.com\/,http:\/\/www.bilibili.com\/video\/av379237396
162,29,BV15T4y197Pq,36,315635,7,【画画人必看】新手系统学画全攻略,\/\/i0.hdslb.com\/bfs\/archive\/5862b8372e35f4cb9cf298d1a737ea0ea8c84e6a.jpg,79,31945,这套攻略我已经把弯路给大家扯直了，大家可以直接上车,http:\/\/www.bilibili.com\/video\/av934046511
162,30,BV1n44y1v7P7,101,309210,105,妈妈问我为啥跪着看视频：弟妹随便画两笔，然后自己补一下,\/\/i0.hdslb.com\/bfs\/archive\/6bac45e1c9bb0dee56a5841300a085354de8f3e9.jpg,145,2807,https:\/\/www.tiktok.com\/@artmanee\/video\/6973287832399990021?is_from_webapp=1&amp;sender_device=pc&amp;web_id6978719967257216513 零基础怎样学画画？戳→http:\/\/t.cn\/A6MjmXNa 画画如何接单赚钱？戳→http:\/\/t.cn\/A6MjmXsZ 你是否适合学画画？戳→http:\/\/t.cn\/A6MjmaoY,http:\/\/www.bilibili.com\/video\/av976745666
162,31,BV15g411T7b4,58,306183,46,辞职画机娘是种怎样的体验？这位大厂出身的机车产品设计师很任性！,\/\/i0.hdslb.com\/bfs\/archive\/d788f1e0e890101c9df5c6898f7cf8fc05bc4f46.jpg,219,22313,画师：AF_KURO（pid=1684486) 更多宝藏画师持续更新中，欢迎推荐！ 想要图包\/素材的宝请走主页简介传送门~,http:\/\/www.bilibili.com\/video\/av506674681
162,32,BV1Qv411T7zb,33,303465,40,现在绘画软件也太卷了吧！跟真的一样……绝,\/\/i0.hdslb.com\/bfs\/archive\/ebb9da71391e722f4b8c8c32dc2b32733d9c24af.jpg,160,13772,-,http:\/\/www.bilibili.com\/video\/av251513123
162,33,BV1Nh411b7gJ,33,301799,122,冬日恰恰,\/\/i0.hdslb.com\/bfs\/archive\/9bd4af3fd8271ceae27a91d196377491f417226a.jpg,230,7283,-,http:\/\/www.bilibili.com\/video\/av209145232
162,34,BV1oL411T7Bz,161,297408,179,【TEAMOO】第二届《双人对抗厚涂大赛》,\/\/i0.hdslb.com\/bfs\/archive\/a3572671ea4e7eb9285bebebce4eb5b4743c405e.jpg,334,11293,,http:\/\/www.bilibili.com\/video\/av464298903
162,35,BV1g34y1d7py,43,287884,34,【有手就行】原来画手也有公式！,\/\/i0.hdslb.com\/bfs\/archive\/4493dbc4b9038d50f5dad51f2ecab0380f5b4fc5.jpg,216,33815,画手居然有公式，快来伸出手手画手手吧！,http:\/\/www.bilibili.com\/video\/av806677716
162,36,BV1Xg411P7gh,93,287669,278,【植物画法】草丛画法很复杂？1分钟教你超简单植物画法！,\/\/i0.hdslb.com\/bfs\/archive\/bbbace980ef62b7850735cd547caf6274d636d9b.png,206,23015,超简单植物画法,http:\/\/www.bilibili.com\/video\/av506734613
162,37,BV1r341187Qf,128,278577,98,1分钟\/10分钟\/1小时\/10小时，你能画出怎样的我妻善逸？,\/\/i0.hdslb.com\/bfs\/archive\/9200dd4c94a00715ed8b4b7501666f4534307687.jpg,39,2542,https:\/\/www.youtube.com\/watch?v=_7mQiWnUu5M&amp;list=LL&amp;index=23 零基础怎样学画画？戳→http:\/\/t.cn\/A6MjmSIs 画画如何接单赚钱？戳→http:\/\/t.cn\/A6MjmSQM 你是否适合学画画？戳→http:\/\/t.cn\/A6MjmoAV,http:\/\/www.bilibili.com\/video\/av421704894
162,38,BV1bb4y1t7oc,66,278129,38,有哪些看起来很“扎心”的插画？看完细思极恐，一张图胜过千言万语......,\/\/i0.hdslb.com\/bfs\/archive\/b832400537e1d9ccb7b46fe343fb014c9734f44d.jpg,120,14652,画师：アボガド6（twi:avogado6) 更多宝藏画师持续更新中，欢迎推荐！ 想要图包\/素材的宝可以走主页简介传送门~,http:\/\/www.bilibili.com\/video\/av634184548
162,39,BV1WL411u7QY,23,266639,81,日 系 剑 姬,\/\/i0.hdslb.com\/bfs\/archive\/628888f7d9ca3e9f99aa6801c10df5cbd351463e.jpg,231,992,从来没有正常过得up怎么可能整出来正常的活儿,http:\/\/www.bilibili.com\/video\/av464064211
162,40,BV1NL411g7Bs,45,263498,57,我是没想到有一天我会因为盗图，而剪辑视频！,\/\/i0.hdslb.com\/bfs\/archive\/4e47c339974d75440a635788649e2e06a47f5ce6.jpg,223,4867,我是没想到有一天我会因为盗图，而剪辑视频！,http:\/\/www.bilibili.com\/video\/av464191605
162,41,BV1HY411x7Va,53,257788,40,你眼中的广东灰是这样子的吗？,\/\/i0.hdslb.com\/bfs\/archive\/58a10946d6ab378c76202def8175156f8dcdf826.jpg,119,3365,你眼中的广东灰是这样子的吗？,http:\/\/www.bilibili.com\/video\/av251687734
162,42,BV1Mq4y1k7xN,45,255248,48,国画工笔重彩-矿物色“水牛灰”,\/\/i0.hdslb.com\/bfs\/archive\/5f42d6624dfc28e6a427fd307618cf9a735cbb3e.jpg,79,1208,,http:\/\/www.bilibili.com\/video\/av591590412
162,43,BV1bL4y1v7zx,287,249844,170,揭秘我的中传面试本！这个本子只是当时考中传带去面试的一小部分，给要考中传的学弟学妹们做个参考！,\/\/i0.hdslb.com\/bfs\/archive\/f2bd71334a62a82b12137c76b99823c8b2465f3f.jpg,377,13648,当时还处于一个对画风的探索阶段，什么都想画画，什么材料都想试试。 出来的效果也是参差不齐，十分尴尬 然而找画风就是在找自己！ 除了感受生活，多多练习，也没啥别的捷径 所以一定记得多画啊！宝子们加油！,http:\/\/www.bilibili.com\/video\/av849147294
162,44,BV11Y411x7Xy,172,244785,861,【原神】用6种画风打开“甘雨”，你中意哪款？,\/\/i0.hdslb.com\/bfs\/archive\/4081ac62ff35bb1fe3318d2b49a3e591eb38fec8.jpg,415,6596,开心就好，拙劣模仿画风（有的图就是换发型和衣服的临摹），不要见怪。,http:\/\/www.bilibili.com\/video\/av251738634
162,45,BV1bQ4y1m7DK,60,243531,180,用亢奋的状态去画画,\/\/i0.hdslb.com\/bfs\/archive\/a4469f2c543ba4c8af09197338efc6b4d0c79c18.jpg,299,1652,-,http:\/\/www.bilibili.com\/video\/av719082011
162,46,BV1ZS4y1R7gG,80,238352,286,【男色盛宴】妈妈，男人性感起来也太要命了吧？！我敢说没有人可以逃得过”他“的眼睛.....,\/\/i0.hdslb.com\/bfs\/archive\/67c110b541aa3586ec74aef70a673e1983b9e802.jpg,325,23562,画师：AU（pid=5376622)\/\/侵删 更多宝藏画师持续更新中，欢迎推荐,http:\/\/www.bilibili.com\/video\/av721505795
162,47,BV1LF411Y7Zd,419,232481,28,用鬼舞辻无惨的风格画一些鬼灭之刃的角色会是什么样的呢?,\/\/i0.hdslb.com\/bfs\/archive\/37e3f3a0dae72ec2e9e02e71df1bbbaf7285d1de.jpg,17,1180,https:\/\/www.youtube.com\/watch?v=P6A_JG-QIQM 原作者：Gurumi 欢迎加入灵猫绘画交流群：961533039，100G+海量免费绘画资料素材交流学习！,http:\/\/www.bilibili.com\/video\/av294091993
162,48,BV1rL4y1q7LA,60,221153,30,&quot;美术生 竞争相当激烈 ”,\/\/i0.hdslb.com\/bfs\/archive\/07a4dc79a2073fd81913a9165c25ba2cde5bdb9a.jpg,173,942,-,http:\/\/www.bilibili.com\/video\/av849021218
162,49,BV1SU4y1M7wg,209,220933,258,全当是给小说人物的oc,\/\/i0.hdslb.com\/bfs\/archive\/ace7236fc63b58bbac312e4eed2f383d9239bcd4.jpg,399,1518,希望曾经嗑过的b友们以后也要健康快乐 年年好运来:),http:\/\/www.bilibili.com\/video\/av676707605
162,50,BV1KS4y1d7eR,136,218343,197,鞋 凳,\/\/i0.hdslb.com\/bfs\/archive\/7cb16bd6b4b228207196ab4e8054eb9efffa4fe7.jpg,1285,3433,擦鞋匠感冒了，打喷嚏喷了客人一皮鞋的鼻涕，只好跪下来道歉……这个故事告诉我们，天凉了，要多穿衣服，注意保暖，否则就会感冒，落得和这个人一样的下场。,http:\/\/www.bilibili.com\/video\/av721501580
162,51,BV13q4y1k7Mw,406,217949,157,又一个通过画画逃避现实的画师，不过我喜欢,\/\/i0.hdslb.com\/bfs\/archive\/51d8c9c3825cdc3188d4ac7a0294ec5aaefaaa0b.jpg,263,15951,twitter 日本艺术家田森，推特insdou都能搜到，调整了一下视频角度（为了大家的脖子——）,http:\/\/www.bilibili.com\/video\/av591564989
162,52,BV1n341187aW,115,208992,205,5秒后的我：？？？,\/\/i0.hdslb.com\/bfs\/archive\/332afb7bbba882ede1f49878f9b42fb91af58a44.jpg,217,1493,https:\/\/www.youtube.com\/watch?v=a-4VdVnNJ4U&amp;list=LL&amp;index=1 零基础怎样学画画？戳→http:\/\/t.cn\/A6MjmxyT 画画如何接单赚钱？戳→http:\/\/t.cn\/A6Mjmxpv 你是否适合学画画？戳→http:\/\/t.cn\/A6MjmJvS,http:\/\/www.bilibili.com\/video\/av421634558
162,53,BV19f4y1u7dx,46,208521,97,火上热搜的金鸡奖海报不负众望入围，能否登顶？,\/\/i0.hdslb.com\/bfs\/archive\/4a5778d8e9853a0c50e822c7087a8217a56bdb35.jpg,184,2009,-,http:\/\/www.bilibili.com\/video\/av379036198
162,54,BV1iU4y1M77d,68,205119,92,【于小冬】“一副来自1982年的速写本，当时我18岁。”,\/\/i0.hdslb.com\/bfs\/archive\/ec43fcaa5233dacc470208a6d630d83636a69533.jpg,245,6116,绘本的作者是于小冬老师，很多内容基本都是首次公开。有很多速写本，时间基本在1982年左右，后面会陆续更新哦！ BV12q4y1u738第二本（比第一本更丰富）,http:\/\/www.bilibili.com\/video\/av676660823
162,55,BV1nb4y1t7MT,96,203643,100,【碧蓝航线】企业の脚,\/\/i0.hdslb.com\/bfs\/archive\/56f7b69b98f9637fb2d6aef452397d3c7d485b3c.jpg,497,3709,企业换装「Wind Catcher」参上~ 绘画整活，内容虚构，感谢关注，已画质提升，图等动态\/专栏。 整活官图不改未授权私图，也不接改图，只是整活，请勿造谣，感谢支持。绘画软件是SAI2。 BGM：悠久のカタルシス ~ユニコーン ver.~加隈亜衣 （仅整活不要上传P站等绘画网站当自己作品）版权属于碧蓝航线,http:\/\/www.bilibili.com\/video\/av634156836
162,56,BV1fU4y1M76S,101,201344,103,玩了这么久，粉丝终于破百了！感谢支持,\/\/i0.hdslb.com\/bfs\/archive\/59ba765886949dccf222faaf447e418e84b2e3c1.jpg,358,180,-,http:\/\/www.bilibili.com\/video\/av676740161
162,57,BV19v411T7ET,50,194415,28,【画速写必看的百位画师】31：同人一样是创作，本期画师：Sparrowl,\/\/i0.hdslb.com\/bfs\/archive\/fc95340a7d52f2d8183dbd434673b569038f4994.jpg,156,10187,画师Twitter：@isb9898,http:\/\/www.bilibili.com\/video\/av251516792
162,58,BV14b4y1t76X,590,194150,1549,画手看自己的网购记录，居然翻出了这东西！！,\/\/i0.hdslb.com\/bfs\/archive\/6aaa5f8c22c03bf5859892d1fbdb8c108346123e.jpg,391,2659,标准直男网购记录！ 嗯！ 我是为了找参考！,http:\/\/www.bilibili.com\/video\/av634183378
162,59,BV1uq4y167Z6,261,185664,214,【央美大二绘本作业】绘本展示,\/\/i0.hdslb.com\/bfs\/archive\/b54a66a2cc66e44e775457b1aac5b32bc22b718c.jpg,268,8993,-,http:\/\/www.bilibili.com\/video\/av591696904
162,60,BV1yg411K7F1,93,185193,249,【王者荣耀】大小姐の脚！！！,\/\/i0.hdslb.com\/bfs\/archive\/38ddcfaf1befaa19644c5785e38b551526984133.jpg,243,4312,角色：孙尚香-异界灵契 更多图片获取加微信:kaw2022或者面包多https:\/\/mianbaoduo.com\/o\/m\/kaw  高清图大家三连动态自取！！！ BGM：咩栗,呜米 - 弱虫だって,http:\/\/www.bilibili.com\/video\/av506568979
162,61,BV14F411h7Ri,27,185178,28,这样画蜡笔小新秒会！蜡笔小新的台词中，你印象最深的是哪一句？我们评论区见！,\/\/i0.hdslb.com\/bfs\/archive\/9588e4821f7955c98ec7f80c4c9b84978a5e13b0.jpg,107,5887,-,http:\/\/www.bilibili.com\/video\/av294225830
162,62,BV1Bf4y1T7zH,349,184373,358,相见恨晚的翻车拯救小技巧！（二）妈妈再也不怕我翻车啦！,\/\/i0.hdslb.com\/bfs\/archive\/7898a24b0f9515982fbbc2b3df8befebd0a41e92.jpg,197,4007,手绘难免会遇到各种各样的小情况，不要慌！教你一些拯救小技巧～！第二弹～,http:\/\/www.bilibili.com\/video\/av379157814
162,63,BV1RL411u7ev,34,182212,14,水墨画出现意外败笔，看我如何拯救？你有啥妙招？来讨论。,\/\/i0.hdslb.com\/bfs\/archive\/e84b19a3a270f8033d1d64f7d6b051ea3add8459.jpg,69,1010,,http:\/\/www.bilibili.com\/video\/av464159923
162,64,BV19g411K7oP,11,180230,52,【11.11今日痛苦】医者仁心,\/\/i0.hdslb.com\/bfs\/archive\/0d6f203eb4e95fd0488ddaeb208d1ae1516ddd67.jpg,171,6203,-,http:\/\/www.bilibili.com\/video\/av506608769
162,65,BV1JY411x7EQ,160,177691,153,抽5个粉丝头像 半命题作画-No.2,\/\/i0.hdslb.com\/bfs\/archive\/8fdda18f43e512558dc79d7dd08a256fcfc2725b.png,1470,2219,BGM：Time to Pretend、Try Everything,http:\/\/www.bilibili.com\/video\/av251685377
162,66,BV1Ah41147rG,440,177451,194,【碧蓝航线】能代,\/\/i0.hdslb.com\/bfs\/archive\/7b1b9816c76544d9408e48a0fafeb25427c2b497.jpg,378,2701,bgm   William Black - Deep End,http:\/\/www.bilibili.com\/video\/av209237411
162,67,BV17b4y1t7d2,166,175985,295,【原神】史诗感！历时三个月，原神全员图绘制,\/\/i0.hdslb.com\/bfs\/archive\/ffa1a277e8e54a55e43ecaaaefe25103d3022a21.jpg,640,6948,bgm使用： 1.西木康智 - 海風を聴く街                    2.西木康智 - 踊子プリムロゼのテーマ  历时三月半的绘制过程，因为硬盘空间实在尴尬，录屏只录到了开头的几位角色。后面的角色是翻找psd原件过程拼出来的。  再次感谢除我之外的正式立意草图绘制人员：@莉莉姆想要猛烈的学习  @望゜  @马泽千  @DAUBER-蒸包  @泠海兰Erinse    希望喜欢的小伙伴们能给个三连！谢谢！   参与原作视频：  外乡人2  BV1cT4y1o7BX               ,http:\/\/www.bilibili.com\/video\/av634147838
162,68,BV1jb4y1t7SQ,40,175323,16,一 二 零 赠 服 设 拆 分,\/\/i0.hdslb.com\/bfs\/archive\/2d2dedc717c78c5a87594f437c9ece7a509eb1c9.jpg,112,5910,-,http:\/\/www.bilibili.com\/video\/av634150001
162,69,BV1dh411t7vt,154,172190,161,【水墨小动画——寿桃粿子】祝你孤单节生日快乐^_−☆｜水墨逐帧动画｜手书｜       致敬上美老动画,\/\/i0.hdslb.com\/bfs\/archive\/9745748caeb7898596702638a669f64305b5ad48.jpg,308,4601,自制水墨逐帧小动画，本人是动画小白，孤独节（11·11）生日，哈哈哈o(｀ω´ )o，,http:\/\/www.bilibili.com\/video\/av209116324
162,70,BV1UP4y157uH,90,167453,1079,这种儿童画 一赞十张弹幕点图 有人吗（闲）,\/\/i0.hdslb.com\/bfs\/archive\/e91f32ab132ef3e55b95728d39388cb068dad649.jpg,526,2110,考完试了想真男人一点儿（其实就是想玩点东西哈哈哈）,http:\/\/www.bilibili.com\/video\/av891747664
162,71,BV1Cr4y1r7mL,191,166940,163,【FNF】用不同的模组造型来画Huggy Wuggy,\/\/i0.hdslb.com\/bfs\/archive\/3d59e069c7e11768c80622369f8f83b64dd4b73a.jpg,13,774,https:\/\/www.youtube.com\/watch?v=E9O2Uqk7fa0&amp;t=316s 欢迎加入灵猫绘画交流群：961533039，100G+海量免费绘画资料素材交流学习！,http:\/\/www.bilibili.com\/video\/av764181080
162,72,BV1TT4y1R78a,409,163989,136,【procreate】给大家看看我家可爱oc,\/\/i0.hdslb.com\/bfs\/archive\/62e734a81dcdb6f9953a4db354611ae4d989a6f6.jpg,456,19617,是我家最近得宠的小孩（？ 名字叫犬，本质是可爱狗狗！（老起名废了） 眼镜是他cp滴，就是衣服里兜的那个 以后也许有机会能讲讲他们的故事！,http:\/\/www.bilibili.com\/video\/av934184734
162,73,BV1aq4y1k7hs,60,163792,65,【油画棒】耳朵跟不上教程,\/\/i0.hdslb.com\/bfs\/archive\/43f99ff7630fb6d3371226b04e3834345b69d40d.jpg,81,7748,-,http:\/\/www.bilibili.com\/video\/av591635603
162,74,BV1kL411u7RU,17,163555,21,愿在以后的日子里即使弹枪匹马 也能勇敢无畏,\/\/i0.hdslb.com\/bfs\/archive\/87e48f4cb543ba32f2d64585c8e0d781e0a53026.jpg,124,3528,-,http:\/\/www.bilibili.com\/video\/av464151446
162,75,BV1G34y1d7sU,90,162610,57,20211114,\/\/i0.hdslb.com\/bfs\/archive\/572aca5ebf6f0e2b83f98faf7c91d2070d5ac53b.jpg,386,13557,色彩打卡60天 微博@电子坟头 参考：斩月 lunacut 有人问，所以这次简单写了个解说在旁边,http:\/\/www.bilibili.com\/video\/av806680084
162,76,BV1744y1v7KN,173,162438,177,【画师推荐】三分钟了解网易叠纸双料签约画师岛的鲸，你敢想象用色如此梦幻的他是蓝黑色盲？,\/\/i0.hdslb.com\/bfs\/archive\/a2bb49beadb6ee497e1dad65007569cab3b65942.jpg,166,9220,喜欢，请给个“三连”呗，3分钟，让你的绘画有灵感，关注我们，可点评作品、领高清素材和听大大直播 绘画参考还在到处找吗？快来瞧瞧我们顾问的企鹅2646404772【备注绘画灵感】来解决烦恼吧，可以领取到5大豪华素材大礼包哟： 礼包1：279种常见材质素材 礼包2：200种人体动态资源 礼包3：100种多风格的教程 礼包4：好评99%的光影宝典 礼包5：热门的2000+PS笔刷,http:\/\/www.bilibili.com\/video\/av976739790
162,77,BV1XS4y1d75j,223,159875,260,当画手拿到个巨离谱的设定……,\/\/i0.hdslb.com\/bfs\/archive\/ba964d3c354cc68a25b7da611927b54fb16a441e.jpg,225,1424,简直太无语了，怎么会有人画这么离谱的设定呀……ಠ_ಠ,http:\/\/www.bilibili.com\/video\/av721678563
162,78,BV1WQ4y1U7i3,171,159014,53,【procreate】被塞了小费的厕所服务人员,\/\/i0.hdslb.com\/bfs\/archive\/9ffb612de8a1ce0c4ea8ba028d41fe3de9a52fbc.jpg,203,5678,是俞樾老师的生贺！！！生日快乐！！ 画了下班的鱼谦老师！！,http:\/\/www.bilibili.com\/video\/av719231190
162,79,BV1Z44y1e72A,49,155556,71,【英雄联盟|女警x蔚】自己给自己产粮??????,\/\/i0.hdslb.com\/bfs\/archive\/7e4d525865b97d73be69e21a7a4d87694f84295b.jpg,978,4309,谢谢大家喜欢，图放到动态里了,http:\/\/www.bilibili.com\/video\/av976678118
162,80,BV1gg411T7jQ,307,153481,521,JOJO的奇妙套娃,\/\/i0.hdslb.com\/bfs\/archive\/0456bb15ae62a0a7a10a4d5f7f3fd06c45118e5a.jpg,398,1997,上个月灵光乍现，想着把一到六代的JOJO主角画在套娃里，多有趣。于是就有了这期视频。,http:\/\/www.bilibili.com\/video\/av506688809
162,81,BV1qS4y1d7wh,229,153327,223,新手买水自闲毛笔之前看看，分享给不知道怎么买的朋友，我仿佛是售货员。,\/\/i0.hdslb.com\/bfs\/archive\/2cbe39a75a1f7f3a99a646772d86fce3b8d5c969.jpg,172,7620,曾经买毛笔的时候一脸懵逼，现在竟然可以干导购了。,http:\/\/www.bilibili.com\/video\/av721598633
162,82,BV1EY411x7BX,89,152510,98,【procreate】库洛洛 | 菊花与叶片一同枯萎凋零,\/\/i0.hdslb.com\/bfs\/archive\/73f815bba6df57b509b211b862ee852c3684e105.jpg,407,16853,-,http:\/\/www.bilibili.com\/video\/av251679454
162,83,BV1Zq4y1r7wT,184,151498,613,忙碌了6个小时，叶师傅决定吃纸,\/\/i0.hdslb.com\/bfs\/archive\/ebd3d7ffe6ec8c2d38a559c513726d7a2419822e.jpg,748,1615,虽然我不会做红烧肉，但是我会画.... 工具：Prismacolor培斯玛油性彩铅(原本叫霹雳马，现在改名了），Fabriano水彩纸。,http:\/\/www.bilibili.com\/video\/av591559904
162,84,BV1Qb4y1t78t,104,148992,55,【东馆方案】如何画液体？,\/\/i0.hdslb.com\/bfs\/archive\/b2e19c7d942dbc1c36f099111654d78ccbc26543.jpg,61,9595,【东馆方案】一个对绘画不同阶段出现的各种问题做针对解决训练落地的地方~ 报名【免费体验训练】加miniQQ：3060049688 参与话题讨论\/直播通知\/素材领取加Q群：619256355,http:\/\/www.bilibili.com\/video\/av634226646
162,85,BV1DU4y1M7hk,439,148421,523,看好了，漫画台词是这么写的,\/\/i0.hdslb.com\/bfs\/archive\/56e89fa977a1e199d3d588968e4a5ea7bb0c28fc.jpg,315,3083,个人群：297789384 bgm：杀死比尔 MEGALOVANIA（狂妄之人） sans.  英雄史诗  台词一期讲不完，后面还有一期,http:\/\/www.bilibili.com\/video\/av676743602
162,86,BV1pb4y187Do,179109,147501,465,盲目自学只会毁了你！一套针对萌新的108集绘画教程，从零基础到接单，不再走弯路！,\/\/i0.hdslb.com\/bfs\/archive\/e76b26f4b2b114d1bd48d5a98e31c898ea73ff01.png,315,36462,一套针对于零基础到小白满满的干货教程分享， 只能上传100集，审核好了，再上传 制作不易，但愿三连珍惜，么么哒~~~,http:\/\/www.bilibili.com\/video\/av634001610
162,87,BV17Y411x7WN,62,144215,64,【ask】当sans与羊妈互换…,\/\/i0.hdslb.com\/bfs\/archive\/fa497a95d9c9b55f4a35d25c161e6e01d8e3829f.jpg,186,1718,感觉再不更新就会被扒皮了(？ 好多都是库存(你还有脸说) 所以这期画风会变化的很大，大家看的惯就好( 我 好 短,http:\/\/www.bilibili.com\/video\/av251674972
162,88,BV1Bq4y1u7q7,34,142534,28,这样画玲娜贝儿秒会！也太太太可爱了吧！,\/\/i0.hdslb.com\/bfs\/archive\/330a265e81ad5f61c39ca84628557c3ae5b16d0c.jpg,73,3648,-,http:\/\/www.bilibili.com\/video\/av549240750
162,89,BV1jb4y1t72F,110,138237,207,10年老联盟玩家被迫在纸上玩手游，反应跟不上了！！！,\/\/i0.hdslb.com\/bfs\/archive\/e265cdca8de5e12ce9ae4a1cf8d33eead5314cb7.jpg,172,443,BGM:Tinashe Kachingwe - 《Run Away》  点赞如果有10万，直接肝一把人机！！！！哈哈哈···· 这次拖更了，因为不知道发什么好了！！继续努力加油··· 10年英雄联盟玩家，现在端游操作跟不上了···只能下下棋，如果有人开黑玩可以一起哦！诺克萨斯：一个人的杀戮 手游VX区：胡童鞋啊,http:\/\/www.bilibili.com\/video\/av634143505
162,90,BV1vq4y137Wn,65,137502,30,画如其人美少女！又会画画又是美少女？还有没有天理啦？,\/\/i0.hdslb.com\/bfs\/archive\/d13e5403e31434dc6660962b6bcf8d2c6402a7c6.jpg,72,5676,画师：SIKI（twi:chyoellll) 更多宝藏画师持续更新中，欢迎推荐！,http:\/\/www.bilibili.com\/video\/av549122481
162,91,BV1dr4y1r7Ua,181,136895,57,令新手落泪的白色的场景怎么画的具有色彩感呢？保姆级分析改画教程，有手就能画,\/\/i0.hdslb.com\/bfs\/archive\/ad91ea387925d7a26c82d023927f9291cfb19d92.jpg,63,9839,有没有课代表总结了知识点的！,http:\/\/www.bilibili.com\/video\/av764188838
162,92,BV1pS4y1d7rv,16,136777,17,难得画个正经的，家人们别嫌弃湿糊（咬手绢）,\/\/i0.hdslb.com\/bfs\/archive\/c0b0a675d99191cbd62c78dc3041dfc711e3fdb7.jpg,66,3065,,http:\/\/www.bilibili.com\/video\/av721553857
162,93,BV1MR4y1t7TT,18,136260,44,打破次元壁-在麦当劳吃薯条的时候不小心把妹红召唤出来了,\/\/i0.hdslb.com\/bfs\/archive\/bcd1abfad118ecf148f422f578f89404df9a378a.jpg,335,3164,如何打破二次元？如何召唤出妹红？想妹红陪你吃薯条吗？  去麦当劳画纸巾吧^^,http:\/\/www.bilibili.com\/video\/av336644222
162,94,BV1JF411h7jy,87,135802,171,佟掌柜：“好一个.....绝世美人儿。”,\/\/i0.hdslb.com\/bfs\/archive\/30b732044a42af08228794639a492dd9f2c82e72.jpg,377,2590,武林外传百看不厌！,http:\/\/www.bilibili.com\/video\/av294202364
162,95,BV1mf4y1u7mq,35,134335,14,有手就行的头颈肩画法（北迹）,\/\/i0.hdslb.com\/bfs\/archive\/008853b2bce7bb6f948642f41bf504bcc97e2b44.jpg,84,14082,有手就行，你画你也可以！,http:\/\/www.bilibili.com\/video\/av379048635
162,96,BV1534y1d7PV,44,132129,16,这个艺术家有点狠，用自己的身体当作画工具！,\/\/i0.hdslb.com\/bfs\/archive\/bac4bc41741f6e1a4f43fa96ef7af8aa15490d18.jpg,47,473,-,http:\/\/www.bilibili.com\/video\/av806657206
162,97,BV1hF411h7VB,98,130750,33,用QQ涂鸦画一个w獠牙王牌,\/\/i0.hdslb.com\/bfs\/archive\/5b167149b9949e621093e946f5e6f0024e49b6ab.jpg,81,711,-,http:\/\/www.bilibili.com\/video\/av294238756
162,98,BV11h411t7fi,49,129559,11,上睫毛定位画法,\/\/i0.hdslb.com\/bfs\/archive\/bd5558bb1df723d9f5042cbd492337865994cf61.jpg,48,4565,-,http:\/\/www.bilibili.com\/video\/av209084046
162,99,BV1Qr4y1r79z,42,128416,16,海绵宝宝来啦！三个“n”一个“m”就能画，快来试试看！,\/\/i0.hdslb.com\/bfs\/archive\/ca3b8353e14b624d7cd26a2b561c5a451ecefa9d.jpg,55,2302,-,http:\/\/www.bilibili.com\/video\/av764210637
162,100,BV1w34y1d7RJ,1700,128081,219,【丙烯画】&quot;Silence&quot; ——画家维克多,\/\/i0.hdslb.com\/bfs\/archive\/4aff8fc16fb198110e437d8978cbcce5c8addd56.jpg,100,806,看余晖洒进林间，生命的奇妙和谐场面！,http:\/\/www.bilibili.com\/video\/av806646022
162,101,BV1Xf4y1u7dd,528,127241,844,【抖抖村】怎么看待画崩和画风？怎么从高逼格艺术里吸取绘画功力?怎么欣赏“看不懂的艺术”,\/\/i0.hdslb.com\/bfs\/archive\/da791751f88672dd1effd0a70b103e634203edb9.jpg,381,3103,“看不懂的艺术”在任何时代都是不受大众待见的。即使我们现在认为理所应当的大师们，在他们生活的时代通常都是饱受diss。本期带村民们一起看看，怎么操作一幅画的价格、怎么看待画崩和画风、怎么从“看不懂的艺术”中吸取绘画功力。抖叽~  每个人都该懂点绘画设计常识，欢迎加入我们有爱的大村子。各平台搜索：抖抖村 目前还有空位的抖村群：805453687,http:\/\/www.bilibili.com\/video\/av379039021
162,102,BV1Rq4y1z78k,30,125693,42,【procreate】我所注视的人啊……,\/\/i0.hdslb.com\/bfs\/archive\/2b98f2284ba90b3516100e6943999c2c8821db48.jpg,315,7149,-,http:\/\/www.bilibili.com\/video\/av591681124
162,103,BV1Hg411T7MB,2182,123708,115,【起稿+线稿】必须要教会你们画二次元的教程,\/\/i0.hdslb.com\/bfs\/archive\/7c6770083e037c95dc34e659ebda2f565f768034.jpg,27,2160,喜欢的点点关注+三连呗 关注我，下期出上色教程哈,http:\/\/www.bilibili.com\/video\/av506692730
162,104,BV1wq4y1k7Pn,112,123704,2280,全程高能！你画画时一定经历过的4个灵异事件！,\/\/i0.hdslb.com\/bfs\/archive\/6500b2eee4146801da1b7a8061df63b8c5074007.jpg,289,3386,三连不秃头！,http:\/\/www.bilibili.com\/video\/av591538583
162,105,BV1HU4y1M7Mx,70,123310,135,希望你点开这个视频,\/\/i0.hdslb.com\/bfs\/archive\/31869d316994ef83b719114ea47da3d8e1f79830.jpg,360,2039,-,http:\/\/www.bilibili.com\/video\/av676650166
162,106,BV1zr4y1C7Db,133,121896,12,把铅笔雕刻成这样还是人吗？,\/\/i0.hdslb.com\/bfs\/archive\/10fd27616d10b6cebc284b13196da70b525ee149.jpg,27,344,https:\/\/www.youtube.com\/watch?v=LCJ2bmKNycI&amp;list=LL&amp;index=9&amp;t=58s 零基础怎样学画画？戳→http:\/\/t.cn\/A6Mjm7N8 画画如何接单赚钱？戳→http:\/\/t.cn\/A6MjmzvE 你是否适合学画画？戳→http:\/\/t.cn\/A6MjmzSK,http:\/\/www.bilibili.com\/video\/av764000805
162,107,BV1TQ4y1U7cv,320,121099,406,我初步复活了机甲旋风的圣枪，2年后...我终于再见到你了,\/\/i0.hdslb.com\/bfs\/archive\/b16fdc6e48057f222cfbbb8b385a3ef26f5cb015.jpg,1016,1447,我们，只不过是为了各自的梦想奋斗罢了。可如果你还没有梦想呢？或者说，你已经没有了梦想...那至少，我可以帮助别人实现梦想！这，就是我的信念。（另外，本人搞的纯属同人创作，顶多是非常接近还原的，同人哈哈哈）,http:\/\/www.bilibili.com\/video\/av719173355
162,108,BV1gQ4y1U7dm,60,120549,40,【绘画】画无偿真爽,\/\/i0.hdslb.com\/bfs\/archive\/4484895a41036542555e6265e86f0a3716836d81.jpg,114,4105,给出了的孩子画，画自己的设就毫无压力，爽飞了家人们,http:\/\/www.bilibili.com\/video\/av719217009
162,109,BV1JL411g7T3,82,119589,52,沉浸式油画棒｜一起吹过晚风的人大概会记得更久吧｜早餐｜晚风,\/\/i0.hdslb.com\/bfs\/archive\/c2b61bd958315543cd137b1a92a7ae85aba6db95.jpg,61,1620,bgm：Blue___.（江语） #sure三明治机好好用啊 我是个超爱面包的人 好好吃 #ins花朵早餐盘也好可爱呢,http:\/\/www.bilibili.com\/video\/av464236822
162,110,BV1DT4y197Qf,78,118669,51,要说国内“顶流”画师都有谁？这位是真正的国人画师巨头！,\/\/i0.hdslb.com\/bfs\/archive\/98b477f185bd9f36420a0802291965e888ae4af9.jpg,267,7582,画师Rellakinoko（pid=163536) 更多宝藏画师持续更新中，欢迎推荐！,http:\/\/www.bilibili.com\/video\/av934130362
162,111,BV1SQ4y1m7Xy,57,118654,31,【静物素描】鸡蛋画法,\/\/i0.hdslb.com\/bfs\/archive\/372b7f8d5eb2b6eea06d47485eeae6e1e42aeb57.jpg,88,1999,-,http:\/\/www.bilibili.com\/video\/av719153906
162,112,BV11R4y1t7DV,110,116135,65,【画师常山\/手部上色】几步教会你如何上色,\/\/i0.hdslb.com\/bfs\/archive\/af12a68f8ba16f2f16101d88fc3954542f810a8c.jpg,98,13138,,http:\/\/www.bilibili.com\/video\/av336735204
162,113,BV1Vf4y1M7ey,203,115564,41,“耀骑士，我将侵蚀你的光”,\/\/i0.hdslb.com\/bfs\/archive\/9da138fbf6cfbe7db16535e13f1bda13f392b289.jpg,396,3569,BGM：Viveza - Por una Cabeza,http:\/\/www.bilibili.com\/video\/av379233138
162,114,BV1kT4y197Xw,234,114307,117,【水彩】王子 波吉！,\/\/i0.hdslb.com\/bfs\/archive\/d0cc420622eac901cc8ad5293b7e0b519e40c545.jpg,216,4898,好久没有更新了 感谢大家的喜欢！ 国王排名 超级好看！,http:\/\/www.bilibili.com\/video\/av934140319
162,115,BV1Eh411b7t1,30,113895,8,对新手超友好的头发线稿画法【阿圆】,\/\/i0.hdslb.com\/bfs\/archive\/07c7d6a1c2a1d91cbcbad78b86a7ab649ad63c63.jpg,78,11446,来画头发啦~你学会了吗？,http:\/\/www.bilibili.com\/video\/av209190089
162,116,BV1CU4y1g7TA,83,112701,41,玻璃球眼睛怎么画！,\/\/i0.hdslb.com\/bfs\/archive\/445d9fb89c0faf6db1069ab97ce5302a21dae419.jpg,508,8661,我来啦,http:\/\/www.bilibili.com\/video\/av676582586
162,117,BV1fL4y1v728,52,109841,55,画个姑娘陪着我,\/\/i0.hdslb.com\/bfs\/archive\/47e0c3f97db5a1e832e2a330a04864cd2b233aa1.jpg,96,1514,手绘，室内设计手绘，,http:\/\/www.bilibili.com\/video\/av849247016
162,118,BV1kq4y137JZ,149,108781,43,这样一张送给老板，应该不会被嫌弃吧,\/\/i0.hdslb.com\/bfs\/archive\/7f16269902ef530ad1ee190784695fa3be2ea1ba.jpg,362,7347,是已售人设的赠图，不可以拿图哦！来都来了看完求给个三连嘛Q_Q Bgm：Vindication 工具：iPad Pro  软件：procreate,http:\/\/www.bilibili.com\/video\/av549147769
162,119,BV1XL4y1v7yA,799,107708,34,你和大佬的头像到底差在哪？4步教你把头像变“贵”！,\/\/i0.hdslb.com\/bfs\/archive\/924654b214a9002bee75c956fffa47604a09371b.jpg,24,5708,主讲画师：暂时醒着的烟雨君 观看完整版带讲解视频请戳裙281451773,http:\/\/www.bilibili.com\/video\/av849192022
162,120,BV1D341187se,43,100497,0,人体练习,\/\/i0.hdslb.com\/bfs\/archive\/1b2789cdcf4dfe6d60d021b0cbf20c7676773282.jpg,0,2,-,http:\/\/www.bilibili.com\/video\/av421733494
162,121,BV1ab4y1t7jv,133,97717,46,睡前画画007 这次加了起稿的部分 今天发的晚了一点 咱就说看完尽快睡行不行,\/\/i0.hdslb.com\/bfs\/archive\/6252d35d13a000cba27349c7c4c7c17cf4caab64.jpg,142,1667,-,http:\/\/www.bilibili.com\/video\/av634159789
162,122,BV1jQ4y1U7TK,42,97368,12,【南雨水彩】海边的落日｜迷你水彩风景的绘画过程,\/\/i0.hdslb.com\/bfs\/archive\/b9ba2ed3fb69e86225f7a5daa4a9e93b3ecd6e1e.jpg,52,1464,-,http:\/\/www.bilibili.com\/video\/av719207791
162,123,BV1VP4y157ye,36,96829,27,【画师安利】织布机loom——曾被夸赞“生动的能与天体运行媲美”实力水平的国人小骄傲,\/\/i0.hdslb.com\/bfs\/archive\/683dec2a11fcb022c6d84758f9748d3234d464e6.jpg,164,7190,画师：织布机loom Pid：13695413 Weibo：LEaveIt_ 画师分享I画师推荐I绘画参考,http:\/\/www.bilibili.com\/video\/av891598424
162,124,BV1744y1v7qC,58,95159,127,【波兰球】蒙古的美梦,\/\/i0.hdslb.com\/bfs\/archive\/4d357ca01ec569918005b7f68e5a2cbe32ef2e95.jpg,252,1782,谢谢你的观看！！！          ( ˘•ω•˘ ),http:\/\/www.bilibili.com\/video\/av976737501
162,125,BV1B34y1Z7ij,365,94979,200,油画教授示范用块面构成法表现的油画肖像 | 油画肖像过程【Zim Lim】,\/\/i0.hdslb.com\/bfs\/archive\/0468310e17146200bf74da47d8793896ec3e91ba.jpg,216,7265,材料: - 颜料: 钛白、镉黄、镉红、茜素红、群青蓝和棕褐色。 - 介质: 亚麻籽油. - 模特：John A. Carrasco. - 绘画时间：大约4小时,http:\/\/www.bilibili.com\/video\/av806598361
162,126,BV1dq4y137QY,76,94759,61,当蜜璃变成上弦鬼 下弦鬼会是怎样？这才是恋之呼吸！,\/\/i0.hdslb.com\/bfs\/archive\/027f08a1da614286cfafa19c7d855f5dbf8635ee.jpg,98,2511,用8种动漫风格画蜜璃：https:\/\/www.bilibili.com\/video\/BV1JU4y1F7tj?spm_id_from=333.999.0.0 想看更多风格的趣味绘画视频，请点击个人主页 https:\/\/space.bilibili.com\/1295202803  https:\/\/www.youtube.com\/watch?v=sCPGj2r5If8,http:\/\/www.bilibili.com\/video\/av549160639
162,127,BV1mf4y1T71q,31,92798,17,用一对括号画史迪仔，你们要的来了！,\/\/i0.hdslb.com\/bfs\/archive\/e938afc56f66f14d19b16e796469dad791b66968.jpg,75,2000,-,http:\/\/www.bilibili.com\/video\/av379184455
162,128,BV1wr4y1k72g,84,90467,83,【自制动画】光遇-小片场3\/预告（AD手绘）,\/\/i0.hdslb.com\/bfs\/archive\/53fca8cc386f9f59084636365c3fb188fc73ed53.jpg,176,2189,-,http:\/\/www.bilibili.com\/video\/av764243479
162,129,BV1sg411K7Tz,292,90289,443,停更后给大家留下128G的免费绘画素材打工去喽,\/\/i0.hdslb.com\/bfs\/archive\/14eb0febfd454072e2d16923dde3a0ecc2a72914.jpg,396,9285,俺走了去上班了，想要资源的进群823650971领取可能同意会慢点，忙没那么自由了大家要耐心等待。,http:\/\/www.bilibili.com\/video\/av506509687
162,130,BV1e44y1e7aG,22,89847,15,花开花落就像你走后已无踪影,\/\/i0.hdslb.com\/bfs\/archive\/a1832f4b3be40be2e2b4fd41d0df52f92bb13fb8.jpg,121,1711,-,http:\/\/www.bilibili.com\/video\/av976560645
162,131,BV1Sh411x75j,55,89686,41,如何画好一个能在同学面前装B的手翻画,\/\/i0.hdslb.com\/bfs\/archive\/badb90619a57eac9217024e589d03a895b87c1db.jpg,109,3103,本人能力有限，请大佬勿喷哈……,http:\/\/www.bilibili.com\/video\/av209191967
162,132,BV1NQ4y1D7NZ,78,88381,128,教您画甲鱼怎样把握笔墨火候,\/\/i0.hdslb.com\/bfs\/archive\/03e131f7268230c6624f0c29f018ac5281751091.jpg,238,488,教您画甲鱼怎样把握笔墨火候,http:\/\/www.bilibili.com\/video\/av719034861
162,133,BV1NR4y1t7Tm,11,87256,13,这么好作品，怎么就63分？,\/\/i0.hdslb.com\/bfs\/archive\/1cda29aa9ef8d9438056067d58c6d22ecb771e01.jpg,186,188,这么好作品，怎么就63分？,http:\/\/www.bilibili.com\/video\/av336597435
162,134,BV1Bq4y1u77m,37,82379,28,实用简单画手小技巧,\/\/i0.hdslb.com\/bfs\/archive\/66cc603cbb81eb5f4254c35cf8d3db8c67a90721.jpg,76,7008,-,http:\/\/www.bilibili.com\/video\/av549233567
162,135,BV1rv411M7Qp,48,81564,28,【原神】荧偷穿刻晴的衣服,\/\/i0.hdslb.com\/bfs\/archive\/fcc75f4d1dae2ee9499b7070dd66347baae947ce.jpg,159,1987,我应该加什么标签，我应该加什么标签，我应该加什么标签，emmm词穷，就，第一次做手书有很多不太懂的地方，就，做出来有点粗糙吧，哦对了视频里突然出现绿色的玩意是作者本人，说一下犯的错误，但是又懒得改,http:\/\/www.bilibili.com\/video\/av251638705
162,136,BV1C44y1e7rv,196,81257,172,夜色难沉【光与夜之恋 | 陆沉】,\/\/i0.hdslb.com\/bfs\/archive\/cb7cbf131d88c23985ca025cfd9c09daa9637a58.jpg,403,967,,http:\/\/www.bilibili.com\/video\/av976595865
162,137,BV14S4y197fj,16,81201,10,给你们看个魔术,\/\/i0.hdslb.com\/bfs\/archive\/3b0f7d9a2ad327388b942ab03cdfb8817ebb196d.jpg,75,604,,http:\/\/www.bilibili.com\/video\/av721733113
162,138,BV1iY411x7rH,189,80687,76,【鬼灭之刃】把香奈乎绘制成上下弦鬼会是什么样的呢？,\/\/i0.hdslb.com\/bfs\/archive\/964563c2b71cbcabc6a0343a85cefa3a64d50627.jpg,47,868,https:\/\/www.youtube.com\/watch?v=1zrlrZ881RM 原作者：Gurumi 欢迎加入灵猫绘画交流群：961533039，100G+海量免费绘画资料素材交流学习！,http:\/\/www.bilibili.com\/video\/av251703586
162,139,BV1wL411g7eP,90,80562,89,【产品示范①】画鼠标，丝滑吗？,\/\/i0.hdslb.com\/bfs\/archive\/fe6e3bc902faca1737b36393ae5d0525d01d91b4.jpg,312,2292,画鼠标，并不难，像这样 一笔一笔把结构表达清楚、,http:\/\/www.bilibili.com\/video\/av464218269
162,140,BV1sf4y1T7tx,65,79402,26,你练的这么恶心，是没有女生喜欢你的！,\/\/i0.hdslb.com\/bfs\/archive\/1515cfadaa4f0a07312210e34b5a17f9711e8ae8.jpg,104,43,-,http:\/\/www.bilibili.com\/video\/av379111492
162,141,BV1bF411Y7g4,15140,79178,279,【手绘教程】萌新必备的零基础彩铅教程,\/\/i0.hdslb.com\/bfs\/archive\/173fdec22be9dbc3d3f77ed151c16ed5531775fa.png,105,10829,同款工具、线稿等、教学视频等；领取+v：13242846940。Q群：516394414 欢迎点赞收藏~本套课程适合所有美术爱好者。 详细的知识点讲解以及无快进的绘画过程回放， 喜欢的小伙伴记得三连噢～,http:\/\/www.bilibili.com\/video\/av294100117
162,142,BV1bQ4y1m7YE,127,78375,65,【TEAMOO】《双人对抗厚涂大赛》,\/\/i0.hdslb.com\/bfs\/archive\/64db604ee8b7f1b48e61d40f710fabe6600ea6ff.jpg,80,1462,,http:\/\/www.bilibili.com\/video\/av719083049
162,143,BV1DF41187oY,81,78306,5,铜版画小盘谷之二,\/\/i0.hdslb.com\/bfs\/archive\/bdf84dfda8cb6a4e07778b2bddced1e7105a35c6.jpg,34,305,-,http:\/\/www.bilibili.com\/video\/av294145241
162,144,BV1v341187oA,386,77525,81,【梦源】破天窗的阿米娅~★★★,\/\/i0.hdslb.com\/bfs\/archive\/d067818c0e96ed9a6d7458e4b8feaf95a34526e7.jpg,656,3618,大图：https:\/\/pan.baidu.com\/s\/1czPdBi7H471F4IyttfYMIA  提取码：vea6 BGM：柚子乃 - In this World 阿米娅帅气的感觉不知道大家喜欢不？ 以上就是所以作品啦。 也感谢大家一直以来的支持啦~(^_−)☆,http:\/\/www.bilibili.com\/video\/av421717666
162,145,BV1Uq4y1r7sF,488,76372,64,【沉浸式画画】超治愈！笔尖划过平板的声音,\/\/i0.hdslb.com\/bfs\/archive\/037652ce0c3b8cde33f91fdba7cf1b05753a5a84.jpg,106,668,,http:\/\/www.bilibili.com\/video\/av591524407
162,146,BV1Q3411b72p,14,75814,20,【绘画收徒】我来收徒啦，只要你喜欢画画，我都收,\/\/i0.hdslb.com\/bfs\/archive\/7d5c5aa6cea7fb962591bc1237a4a32b6b61a04d.jpg,367,2213,只要你喜欢画画都可~ 想跟我学习的 直接添加评论区扣扣裙~,http:\/\/www.bilibili.com\/video\/av421579963
162,147,BV1HR4y1t7GH,38,75562,55,一群美术界的天才,\/\/i0.hdslb.com\/bfs\/archive\/7a6fb24bb9572a9ad7b6588edb0292e1c1355126.jpg,75,1177,-,http:\/\/www.bilibili.com\/video\/av336690290
162,148,BV16U4y1M7sJ,100,75118,160,波兰球   英国:五个孩子不好带??,\/\/i0.hdslb.com\/bfs\/archive\/ca390b3e8a1fabd1643735721ba7c03a6bcdf582.jpg,172,843,来玩ask,http:\/\/www.bilibili.com\/video\/av676711508
162,149,BV1yh411x7tF,90,74294,106,【kirito丶桐人君】有人看自己切片从楼梯上滚下去了,\/\/i0.hdslb.com\/bfs\/archive\/b3c7f0694bb3aa3da96fd3f6b2bab6389c9c4340.jpg,386,925,-,http:\/\/www.bilibili.com\/video\/av209208617
162,150,BV16b4y1b7hf,920,74139,214,【头发教程】保姆级头发教程！看完还不会你来找我！,\/\/i0.hdslb.com\/bfs\/archive\/9e374406e9f650ade3eafd284a3057a321273018.jpg,105,14300,双十一线稿头像训练营：cv13927388 啵啵鸡0基础板绘课开课中啦！啥都讲！！！期待你的加入。 私信回复：笔刷\/色卡\/素材（需要什么回复什么）即可获取啵啵鸡同款哦。 私信回复：课程，即可试听一节啵啵鸡0基础绘画训练营 我是啵啵鸡，一枚专业插画师，每周更新，谢谢支持。,http:\/\/www.bilibili.com\/video\/av633895386
162,151,BV19F41187WW,201,73343,74,末影兽的复仇！挑战把小米蛋画成美少女！,\/\/i0.hdslb.com\/bfs\/archive\/540a63094fca380f9bb777f8869c13dc9579f0b1.jpg,78,485,上次被小米蛋画成美少女了，这次礼尚往来一下！ BGM:LUVORATORRRRRY!——GUMI,镜音リン,http:\/\/www.bilibili.com\/video\/av294153470
162,152,BV1dq4y1r729,253,71987,167,连续14小时能画多少张画？,\/\/i0.hdslb.com\/bfs\/archive\/0d07602b12725d3fe745ec460d71e74a8cb653de.jpg,78,785,第一次觉得14个小时间不够用，但又非常累人，当然不提倡这样高强度作业，平时画画一定要劳逸结合，建议坐一个小时就起来活动下，眺望下远方，喝口水什么的都行，良好的作画习惯和身体素质，是支撑你长久创作下去的必备基础！最后感谢搭载酷睿i5处理器的无畏Pro14对本次挑战的支持~  bgm：LiSA - 紅蓮華,http:\/\/www.bilibili.com\/video\/av591549189
162,153,BV12T4y197Ac,63,71668,161,【光遇自制小本子】慎入（不喜勿喷）,\/\/i0.hdslb.com\/bfs\/archive\/45cefc7fa5e7a0cc59758db8798979d60d9e727c.jpg,593,3958,“光是遇见 就很美好”  我不会说浪漫的话 但是每一缕秋风都是我写给你的情诗  希望你一直记得 最初的感动。,http:\/\/www.bilibili.com\/video\/av934146600
162,154,BV1zr4y1r79x,114,71243,64,【板绘】游戏王·“铠黑龙-电子暗黑龙”【leo*游戏王】重铸电子龙最后的荣光！,\/\/i0.hdslb.com\/bfs\/archive\/939f25bb3efbd3dcff261bba2e1e3e4eca8a1b0c.jpg,407,1033,不出意外的话，这应该是是最后一期的电子龙系列了！,http:\/\/www.bilibili.com\/video\/av764170114
162,155,BV13q4y1k7ji,12,69605,61,是小男孩的爱情www！,\/\/i0.hdslb.com\/bfs\/archive\/9b8f4ac36e74a7577f6502301fa822eb53bccbda.jpg,73,2066,嘉金cp，自行避雷,http:\/\/www.bilibili.com\/video\/av591565452
162,156,BV13f4y1M7zW,435,68659,745,【文轩】用mental canvas的方式打开文轩舞台,\/\/i0.hdslb.com\/bfs\/archive\/116935a4cc10314c2a4c26f695f6b87007ed8231.jpg,260,7930,Stage recordings: 2017-2021.,http:\/\/www.bilibili.com\/video\/av379230900
162,157,BV1LT4y1R7PV,59,68154,42,这样的控笔帅到没朋友,\/\/i0.hdslb.com\/bfs\/archive\/9e63eb2b4112f4e93855e174f64e42634c8866c1.jpg,81,599,手绘教学,http:\/\/www.bilibili.com\/video\/av934241266
162,158,BV1a34y1Z7LC,55,66953,50,瓶颈期，网友帮忙想出一堆Dio图,\/\/i0.hdslb.com\/bfs\/archive\/3e6a6227d7a26e703ec462f84a24ec1cb40c5a53.jpg,45,1867,这就是JO厨的脑洞吗，爷爱了，有才的网友们，想让更多人也尝试一下.....,http:\/\/www.bilibili.com\/video\/av806611559
162,159,BV13R4y1t7xB,80,66939,15,DDD雷克西—希娜班布工作室绘画过程,\/\/i0.hdslb.com\/bfs\/archive\/8cdc83f5ad138c593af1bb209630fdd867fc1c32.jpg,148,7562,bgm：I don&#39;t Even Care About You 统一解答：画面上的角色是在准备的漫画角色【因为太鸽了距离画完还有很长时间，如果大家当成oc看也行，都是可以的。】 然后十分感谢大家的喜欢{鞠躬},http:\/\/www.bilibili.com\/video\/av336657560
162,160,BV15Q4y1U79t,168,66437,119,银枪的天马  &lt;动态壁纸附&gt;【CG补全计划】,\/\/i0.hdslb.com\/bfs\/archive\/0941956410c92b193b0c9eb372893ea4d2f195f4.jpg,332,2251,卡西米尔征战骑士---银枪的皮加索斯 突击乌萨斯帝国方面军  不要在意马骑马（  不骑马那还叫骑兵吗qwq 盔甲质感塑造了挺久的，求点赞转发,http:\/\/www.bilibili.com\/video\/av719203688
162,161,BV1rU4y1g78o,20,65824,36,冰雪公主马尔福（魔法觉醒）,\/\/i0.hdslb.com\/bfs\/archive\/07dfff58a4ccacc3c1c808e55db1b3080f342d8a.jpg,65,1744,游戏里马尔福伙伴卡+多重冰的组合套被戏称冰雪公主。太好笑了忍不住画了。 bgm：sugar crash （remix,http:\/\/www.bilibili.com\/video\/av676581266
162,162,BV1ZT4y197H4,43,65699,39,【至尚君】灰阶不光可以上出高饱和色彩，还可以变换光影！,\/\/i0.hdslb.com\/bfs\/archive\/5b928a5a0a265b176809bf55428b717d0005d465.jpg,90,1737,欢迎大家来我vb超话一起打卡画画！,http:\/\/www.bilibili.com\/video\/av934158199
162,163,BV16r4y1r7L9,218,65615,42,【过程】下班回家被上司叫去加班的白金小姐,\/\/i0.hdslb.com\/bfs\/archive\/82f5978c9ab83b5a09cd93392acadd075abf82f3.png,152,1906,,http:\/\/www.bilibili.com\/video\/av764167405
162,164,BV15L411g7D4,39,65539,54,【光遇手书／卡龙向】你已经有多久没有打开那个曾经无比热爱的游戏了,\/\/i0.hdslb.com\/bfs\/archive\/d873a972aa5db0174d03e1ae9c26928955450ae0.jpg,147,3559,-,http:\/\/www.bilibili.com\/video\/av464226679
162,165,BV14S4y1972e,23,65444,13,老北京胡同,\/\/i0.hdslb.com\/bfs\/archive\/6f94a2d2d624046b60934112f7c85283b88879a2.jpg,85,1397,-,http:\/\/www.bilibili.com\/video\/av721734304
162,166,BV1G44y1v7SQ,326,63921,93,翻翻乐（2021年8月初-11月初）,\/\/i0.hdslb.com\/bfs\/archive\/e285c8ae9a549442bb8db7511c075484172de729.jpg,346,5943,3个月的每日一画合集，感谢观看。 视频每三个月更新一次，每日一画在动态更新（尽量日更）,http:\/\/www.bilibili.com\/video\/av976688585
162,167,BV1nY411x7am,158498,63187,82,B站最强⚠️全网高质量付费商业插画教程，含各种风格，绝对血赚！,\/\/i0.hdslb.com\/bfs\/archive\/fbb490b9c16ec8d4afc5de145b659d3785cd5745.png,44,5638,分享插画快乐。画自己所想，用画笔记录生活中的美好！,http:\/\/www.bilibili.com\/video\/av251689527
162,168,BV1V44y1v7GT,821,62786,64,退步式画画,\/\/i0.hdslb.com\/bfs\/archive\/2cbbc4deed17f8a78eb21e37b507b06577661706.jpg,159,392,我画画的热情越来越少，这两天收拾东西收拾出来一大袋水彩画，其实我是懵的，我已经快完了以前那个坐在桌前画一遍草稿，线稿，再画一遍去水彩纸的心境了，越来越浮躁了，我好像快把自己初心给忘了。( ･᷄ὢ･᷅ )这个视频就算是警示自己吧。依旧还是浮躁画不完画的我,http:\/\/www.bilibili.com\/video\/av976687416
162,169,BV1V44y1v7rX,421,61909,344,漫 画 是 这 么 教 的,\/\/i0.hdslb.com\/bfs\/archive\/9fc61ad1f8777f44afb7938e36c2dbb67f82e41a.jpg,281,2263,qq群：297789384 bgm：杀死比尔 英雄史诗  后面还有更多干货，做不完了啦！,http:\/\/www.bilibili.com\/video\/av976693436
162,170,BV1t341187nN,150,61592,15,【procreate】老温被我玩弄于股掌之间,\/\/i0.hdslb.com\/bfs\/archive\/4ce99f4e4ca6e50281996eb8982e672d3932edb1.jpg,160,4836,记录,http:\/\/www.bilibili.com\/video\/av421661258
162,171,BV15h411b7pG,20,61237,120,【咒术回战】进来看帅哥美女,\/\/i0.hdslb.com\/bfs\/archive\/3853560a782d66d645734985c4553568a21461f1.jpg,109,4151,-,http:\/\/www.bilibili.com\/video\/av209139355
162,172,BV1744y1v7Rn,124,61101,18,两个文明的神兵对决！木乃伊VS金缕玉衣！,\/\/i0.hdslb.com\/bfs\/archive\/15719b947a43247cf58d9ec04eed85e1f861d8a1.jpg,201,707,最近有点子忙，更新慢了望理解，。。,http:\/\/www.bilibili.com\/video\/av976738065
162,173,BV1gq4y167oa,116,60944,73,断断续续画了一年的花草丛林系列…一起来翻翻看吧～,\/\/i0.hdslb.com\/bfs\/archive\/c892f6da520df96e8a13be091b5e566d79aaf0b2.jpg,238,3305,你喜欢的花草是哪些？来弹幕区为我打气吧～,http:\/\/www.bilibili.com\/video\/av591702382
162,174,BV1LT4y197M2,75,60922,16,水彩百草绘视频打卡10\/100 云母分层色 笔是竹羽堂,\/\/i0.hdslb.com\/bfs\/archive\/7d3ff36ed0bbe3184505e113afb9a0979ea92055.jpg,31,3034,-,http:\/\/www.bilibili.com\/video\/av934050514
162,175,BV11U4y1g7mE,121,60786,81,太爱这番了，每天画一个。,\/\/i0.hdslb.com\/bfs\/archive\/fa5216e87d6b21e51b07f9f50e891c33fbe3db94.jpg,383,364,-,http:\/\/www.bilibili.com\/video\/av676591445
162,176,BV1KL411g7W4,106,60630,50,天净沙书法原创书法作品,\/\/i0.hdslb.com\/bfs\/archive\/40e647e7e8e595b468bd6836840b01f2bdccd226.jpg,200,137,转载自互联网,http:\/\/www.bilibili.com\/video\/av464198259
162,177,BV1Wb4y1t7xX,86,60556,104,《离谱》,\/\/i0.hdslb.com\/bfs\/archive\/a34110ac26d748aa9eaf3ea7ca62245a86ddb6bc.jpg,89,1159,（水个） 呜呜呜呜小雀子我对不起你   BGM：One last kiss.,http:\/\/www.bilibili.com\/video\/av634137514
162,178,BV19L4y1v7uD,137,60547,147,［手绘］评 价 粉 丝 画 的 【 御 坂 美 琴 】,\/\/i0.hdslb.com\/bfs\/archive\/3fd87fd1d45aeef56a415580b6d20393a8f4feb6.jpg,72,705,-,http:\/\/www.bilibili.com\/video\/av849191664
162,179,BV1u34y1d7vX,181,60304,24,【procreate】徐伦平平无奇的婚后生活罢了,\/\/i0.hdslb.com\/bfs\/archive\/ab2f247f04e1d126c10aee53f4b5df6ddd0fa82b.jpg,279,3568,-,http:\/\/www.bilibili.com\/video\/av806672752
162,180,BV1bU4y1M7VC,253,60292,35,* 白昼与黑夜 \/\/ 绘制过程,\/\/i0.hdslb.com\/bfs\/archive\/eb7d205c3de5a15a2a4de00d2b846a902f6b1da7.jpg,179,3548,两个立绘 私人稿件勿用，喜欢可以点个赞！,http:\/\/www.bilibili.com\/video\/av676634951
162,181,BV1ff4y1T7tY,199,60227,34,【Procreate】恶鬼,\/\/i0.hdslb.com\/bfs\/archive\/ddd83286148233eca14ea27a9558cb424d3c3fad.jpg,145,4197,-,http:\/\/www.bilibili.com\/video\/av379222673
162,182,BV1j34y1d7P1,17,59773,1,【大佬同款笔刷】我的宝贝藏不住了！建议收藏~,\/\/i0.hdslb.com\/bfs\/archive\/23cda38e1809657e9323fd3e706fce7f88cc9a6d.jpg,103,6118,领取大佬同款加vx：ytm202019（备注B站） 使用方法和教程都可以找他哦,http:\/\/www.bilibili.com\/video\/av806659599
162,183,BV1iQ4y1m7ge,2973,59744,48,黑白稿渐变映射画法,\/\/i0.hdslb.com\/bfs\/archive\/ad8aca8ee40ddf591301cbc88645235d482f75bf.jpg,122,9249,,http:\/\/www.bilibili.com\/video\/av719077082
162,184,BV1Hh411b7V1,33,59415,22,CTK  CAVE，韩国画师，满屏的渣“叔”感，黑帮成熟大叔直呼我可以！！！,\/\/i0.hdslb.com\/bfs\/archive\/6b583093d4ad4e1dc8bd9182b50ac19cdde7f0de.jpg,119,8226,韩国画师：CTK twi：CTK CAVE,http:\/\/www.bilibili.com\/video\/av209164425
162,185,BV1gR4y1t7ru,49,59317,55,画古建筑之美！,\/\/i0.hdslb.com\/bfs\/archive\/887f9dd1084e5a825aca7f65e6f8f545cbd32e20.jpg,95,1305,建筑设计手绘、室内设计手绘,http:\/\/www.bilibili.com\/video\/av336652978
162,186,BV1f3411b7bF,124,59090,42,草稿有什么用？为什么草稿会比线稿好看？还有怎么处理线稿？,\/\/i0.hdslb.com\/bfs\/archive\/a03971c176b812081d91cdc23c5341fa5cfd4fff.jpg,75,1703,,http:\/\/www.bilibili.com\/video\/av421565623
162,187,BV12g411K75M,125,58825,87,这是水彩？这明明就是魔法啊！,\/\/i0.hdslb.com\/bfs\/archive\/51c8fd37471e09053b3ba552472da2a9d4383306.jpg,74,521,https:\/\/www.youtube.com\/watch?v=G3D7FbkOCxI 零基础怎样学画画？戳→http:\/\/t.cn\/A6MjmPaw 画画如何接单赚钱？戳→http:\/\/t.cn\/A6Mjmh7v 你是否适合学画画？戳→http:\/\/t.cn\/A6MjmhHl,http:\/\/www.bilibili.com\/video\/av506611651
162,188,BV1144y1e72P,193,58573,48,【procreate】福生玄黄天尊概念插图绘画过程,\/\/i0.hdslb.com\/bfs\/archive\/f5684b966c54ffed2946651e18a6faef98187fb7.jpg,245,4037,以诡秘之主中福生玄黄天尊的概念为思路，整体纹为宝相花，采用了一些自己摸索的壁画画法，以及混用了一些元素让整体画面更诡更克系一点，希望有人看！ BGM：末——Airjordy,http:\/\/www.bilibili.com\/video\/av976637525
162,189,BV1iS4y197vz,8119,57858,74,【网友闲着蛋疼，竟自碎肝脏，开千张无偿点图】【进度：79\/1500】\/原标题→【一 币 一 张，冲国人真的人均助梦人吗】来，快为你的光崽无偿点图？,\/\/i0.hdslb.com\/bfs\/archive\/02c1ba03bdb303446bca7380c0556f227f6bda4d.jpg,600,3471,12.17 许愿相册目前不知道多张了，感觉可能差两三百1500，以及1500结束后会开新的许愿 群号子601747054~！（不再复读啦，，，）  11.13 没关系，我的速度最快一天4张（那最慢呢？？）就算有100个币那么最快25天就画完了呢（？）  说是一币一张，但是只要有友友来群里许愿都会画到，所以先到先画，排到后面的友友多等等，等 亿 等，就等到了！  为了感谢友友三连的支持，所以俺会优先画三连友友的许愿！  总之是在q群许愿相册里按时间顺序画（脑子不好使，这样方便俺统计罢了，，，，，）,http:\/\/www.bilibili.com\/video\/av721729181
162,190,BV1Bv411M77H,261,57252,27,一个头像的摸鱼过程,\/\/i0.hdslb.com\/bfs\/archive\/59549a0e08b5efc0baa976ff226c22c00e14c4e7.png,163,6554,因为看的人太多了就说明一下，画的是我oc，不要用拜托了,http:\/\/www.bilibili.com\/video\/av251632728
162,191,BV1UL411u7Ej,891,56674,112,画画为什么要学几何体？用处太大了！,\/\/i0.hdslb.com\/bfs\/archive\/fd3c6e4cac1e417ff5243544012754977c782f4c.jpg,330,5139,-,http:\/\/www.bilibili.com\/video\/av464140995
162,192,BV1qS4y1d7ui,161,56641,25,【眼睛教程\/常山】几步让你画出这令人沉醉的双眸,\/\/i0.hdslb.com\/bfs\/archive\/f5c068b0315d7a195d4e3ec766d1c338f1f6aad0.jpg,134,6905,,http:\/\/www.bilibili.com\/video\/av721599190
162,193,BV15q4y137tH,177,55983,111,日本书法家小姐姐用水墨画出2233娘反重力干杯！这就是艺术！,\/\/i0.hdslb.com\/bfs\/archive\/4e6da54e46b7d3e76c9876f08454622a8532d956.jpg,195,790,大家好，我是来自日本的书法艺人原爱梨。 主要会在bilibili投稿书法和用书法作画的创作视频，请大家多多关照。,http:\/\/www.bilibili.com\/video\/av549059416
162,194,BV1SU4y1M7Nm,37,55740,21,【画师安利】阿莘—“国内绘圈颜值天花板！实力BUFF加成的人生赢家”,\/\/i0.hdslb.com\/bfs\/archive\/c4eb2879e6ad90bf2931473ed0a1174b70eaf663.jpg,116,1603,画师：阿莘 Weibo：-阿莘- B站：-阿莘- 画师分享I画师推荐I绘画参考,http:\/\/www.bilibili.com\/video\/av676707963
162,195,BV1gr4y1y7hG,240,55353,48,一位非常有创意的画手,\/\/i0.hdslb.com\/bfs\/archive\/9acd9aec79de44059c803b93d8a3692d11a3b3e1.jpg,23,299,tiktok,http:\/\/www.bilibili.com\/video\/av764096515
162,196,BV1yf4y1T7z8,89,55332,49,【FNF\/人物动图绘画】VS Impostor模组 如果 Among Us的模组进入FNF_僵尸模组（4）,\/\/i0.hdslb.com\/bfs\/archive\/eeaa30c6096335b9cada425bb670bdc24df8ea31.jpg,39,423,:-|,http:\/\/www.bilibili.com\/video\/av379178006
162,197,BV1pQ4y1U7Ti,57,54371,41,给老板添个橘子味的吧??,\/\/i0.hdslb.com\/bfs\/archive\/6fb5f5887077b85459e3332f95d750e823923582.jpg,69,513,视频搬运自互联网,http:\/\/www.bilibili.com\/video\/av719228018
162,198,BV1Pq4y137Uk,407,53854,17,【学习分享】在K大幼儿园练习抓形150张后，终于可以开始画人辽～｜真实记录｜绘画抓形｜干货总结,\/\/i0.hdslb.com\/bfs\/archive\/ce6bd1f1a4b8b6c8a87220126095a7e9299b3af6.jpg,182,5483,@Hi大家好，这期视频是我近一个多月自学过程中的一个超长总结，新手必看～希望帮助到需要的小伙伴 @有任何疑问欢迎到下方评论区留言吼～我看到会及时回复哒～  @如果喜欢我的视频，请一键三连，你的支持是对我吃持续更新的动力！   @参考资料： KK魔法学院教学视频,http:\/\/www.bilibili.com\/video\/av549024876
162,199,BV1ZQ4y1S7YE,84,53811,34,沉浸式｜颜料整理｜整理颜料真的会让人舒适感极强,\/\/i0.hdslb.com\/bfs\/archive\/0ca8ce67963ebfdba32688cc5279eaec8ceed380.jpg,60,418,-,http:\/\/www.bilibili.com\/video\/av719008745
162,200,BV1BR4y1t7Kt,40,53456,37,完美曲线，徙手表达室内异形空间！,\/\/i0.hdslb.com\/bfs\/archive\/aaeb9193d5678620c5b0cd57e4b432b77010b531.jpg,37,981,室内设计手绘、建筑设计手绘、设计手绘教程,http:\/\/www.bilibili.com\/video\/av336743752
162,201,BV11P4y157yH,125,53455,31,【插画】米画师审核为什么通过不了？,\/\/i0.hdslb.com\/bfs\/archive\/58181632035be93de6eae53b9f714f9d48911da8.jpg,69,1747,,http:\/\/www.bilibili.com\/video\/av891739400
162,202,BV1h34y1Z7C8,33,53382,3,大佬同款鼻子怎么画？【圆妹】,\/\/i0.hdslb.com\/bfs\/archive\/8077bc3e3120339b72fbaddf0c2c9eead9cd4cca.jpg,17,2894,鼻子有四种画法，你学会了吗？,http:\/\/www.bilibili.com\/video\/av806605682
162,203,BV1mL4y1v7Tw,170,52860,21,画了小蔡新买的西装,\/\/i0.hdslb.com\/bfs\/archive\/5410ec20b8473c27c642a320fa2633c4f9d1ef05.jpg,204,389,,http:\/\/www.bilibili.com\/video\/av849203819
162,204,BV1H44y1e7zf,26,52551,21,【画师介绍】纹银，被米画师的拒绝的女大佬,\/\/i0.hdslb.com\/bfs\/archive\/bdb42cdc51de9e7036c91ae9aea9cd9d1cd1567b.jpg,118,1456,【画师介绍】纹银，被米画师的拒绝的女大佬,http:\/\/www.bilibili.com\/video\/av976526890
162,205,BV1344y1v7wg,24,52194,11,美术生总有这么多为什么？？？？？？,\/\/i0.hdslb.com\/bfs\/archive\/38663634a7f7805968353c3e419e8e65e04703e8.jpg,96,771,-,http:\/\/www.bilibili.com\/video\/av976686465
162,206,BV1L341187CM,231,51343,48,我完成了圣枪的跑步动作,\/\/i0.hdslb.com\/bfs\/archive\/98573ffa905c082828eec2dfd2fa71b98d6fc46c.jpg,196,377,因为圣枪的腿的摆动幅度太大，用live2d来做的话会导致严重的变形，所以这次是用PS的帧动画来完成的,http:\/\/www.bilibili.com\/video\/av421650747
162,207,BV1KF411h7fQ,48,51029,107,我只希望播放量过150,\/\/i0.hdslb.com\/bfs\/archive\/1c730f36e36d308c0ded3692429c146d64ea7e83.jpg,83,678,-,http:\/\/www.bilibili.com\/video\/av294160767
162,208,BV1VU4y1M7D7,41,50733,39,【画师推荐】国人插画师TrNyteal-极强的色彩光影渲染，日系厚涂永远的神！！！,\/\/i0.hdslb.com\/bfs\/archive\/1e8ce7950459e85c645245a813739e05bed7a68e.jpg,69,5409,twi：CiloRanko  weibo:海浪松饼(由于这位大大经常换ID，所以不能保证搜索的时候一定能搜到）  插画原画爱好者扣扣裙：756776033 想学插画,但是还不知道怎么开始的小伙伴看过来啦~ 这里整理了配套教程、笔刷和素材分享给大家,http:\/\/www.bilibili.com\/video\/av676625492
162,209,BV18b4y1t7Zf,190,50134,21,［FNF］优质阴间MOD Errorization（错误化）三重错误化 指绘,\/\/i0.hdslb.com\/bfs\/archive\/dcab36d81593f28e85c8799633b28d9f9d8c64d2.jpg,31,442,略阴间警告 目前三个出了MOD的错误化角色同框,http:\/\/www.bilibili.com\/video\/av634188174
162,210,BV1834y1d7zp,13145,49541,88,【原速视频】一笔一笔看buling⭐~角色画面塑造尊享版！,\/\/i0.hdslb.com\/bfs\/archive\/41916c5d63c86e024404b4f13618104218452659.jpg,171,6975,纯水群号644759811（除了画画啥都聊） 只画画禁水群129965738（只聊画画） 偶尔会给粉丝红线改图，欢乐联机打游戏 你以为是勤奋蘑菇实际上是鸽子哒！ 个人微博http:\/\/weibo.com\/kinokokokoart,http:\/\/www.bilibili.com\/video\/av806736285
162,211,BV1yR4y1t7Tp,127,49205,149,粉丝逼给他画一个“妲己老婆”,\/\/i0.hdslb.com\/bfs\/archive\/9241615e4cae1c70516fcde3f3ac846d03f3713a.jpg,85,939,本次作画使用华硕无畏Pro14酷睿i5版  华硕官方购买即可享用超值特惠,http:\/\/www.bilibili.com\/video\/av336731259
162,212,BV1HR4y1t7Yo,101,48822,13,“一夜过后的回味”,\/\/i0.hdslb.com\/bfs\/archive\/1fe9583c14b18b2130f68479e214020dea22fd5b.jpg,305,542,,http:\/\/www.bilibili.com\/video\/av336689544
162,213,BV19q4y1z7Ao,168,48551,13,“你是我的克莱因蓝，是我的莫兰迪灰，是我心中的浪漫色彩，是我的高级色调”,\/\/i0.hdslb.com\/bfs\/archive\/3cabdaa8421c87d73cc8c87fa96721d77c678ff1.jpg,88,867,-,http:\/\/www.bilibili.com\/video\/av591678238
162,214,BV1E44y1v7iq,108,48484,53,古风女孩子正脸定点绘画教程,\/\/i0.hdslb.com\/bfs\/archive\/0e958df58f82c613dafabf76899951dba27c65f2.jpg,247,4517,-,http:\/\/www.bilibili.com\/video\/av976742449
162,215,BV1xP4y157C6,140,48422,27,o(*\/\/\/\/▽\/\/\/\/*)q,\/\/i0.hdslb.com\/bfs\/archive\/ed31df30a01d237bf8698c68552da8d50a8bcd61.jpg,95,3894,(｡ì _ í｡),http:\/\/www.bilibili.com\/video\/av891673380
162,216,BV1jq4y1k7jX,297,48327,17,雪初鹤云,\/\/i0.hdslb.com\/bfs\/archive\/9358a5ddcdb5c6dedb929f6b355a1b55d6c14e60.jpg,42,3166,送给亲女儿仙鹤引小克的生日礼物！ 私稿勿用哦！,http:\/\/www.bilibili.com\/video\/av591621312
162,217,BV1mT4y197ta,89,48154,131,【腰部画法】如何画出紧致感肚皮？马甲线直接拉满！,\/\/i0.hdslb.com\/bfs\/archive\/686b64e925736c43192f94231e352334ee200d10.jpg,103,10962,好好学习天天向上,http:\/\/www.bilibili.com\/video\/av934124926
162,218,BV14P4y157DL,623,48042,23,画完之前我一度以为自己在画JOJO,\/\/i0.hdslb.com\/bfs\/archive\/3a7b5328e4aa10bebc887aecf0ec06967d4f6395.jpg,91,933,BGM：luz - 指切り            ABbbb君 - 踊            Da-little,番犬 - Just a game,http:\/\/www.bilibili.com\/video\/av891677306
162,219,BV1Hg411T7ju,140,47606,135,王华强看了都摇头の粉丝改画,\/\/i0.hdslb.com\/bfs\/archive\/6216e3f712ba7325e23dd3477ab3156f08afc37e.jpg,156,705,,http:\/\/www.bilibili.com\/video\/av506693262
162,220,BV1df4y1u7GD,154,47536,0,【手帐简笔画】简单好学的三种玫瑰花画法教程！手残党克星！,\/\/i0.hdslb.com\/bfs\/archive\/0ce0025cd1e921d8601167e0119efa227f94aa1e.jpg,12,1497,-,http:\/\/www.bilibili.com\/video\/av379040514
162,221,BV1oq4y1z74L,18,46934,2,画个好玩的图片,\/\/i0.hdslb.com\/bfs\/archive\/96a563dc038e6a5a1b5ec59de2108869a865ba7a.jpg,8,185,-,http:\/\/www.bilibili.com\/video\/av591689956
162,222,BV1GF411Y7jC,87,46869,25,【眼睛画法】不同眼睛风格怎么画？1分钟搞定四种眼睛画法！,\/\/i0.hdslb.com\/bfs\/archive\/365e60f465b2972fcc20724b67246a64bac51643.jpg,45,5384,超简单眼睛画法,http:\/\/www.bilibili.com\/video\/av294040481
162,223,BV1A34y1o7oJ,478,46841,65,2022年浙江省美术联考（模拟） 评分现场,\/\/i0.hdslb.com\/bfs\/archive\/42fec2d383c72f1c8583b53707ac1027b0791c2a.jpg,135,234,-,http:\/\/www.bilibili.com\/video\/av806816070
162,224,BV1jR4y1t7WR,993,46823,33,【inscryption】卡牌制作教程~你想知道的都在这！最全没有之一,\/\/i0.hdslb.com\/bfs\/archive\/7f73e7b431d47a0d5d492d6cea02235008422893.jpg,119,1575,视频有点长，下面有进度条，可以跳到你感兴趣的部分看，基本上涉及到的问题我都讲了233 此视频将会单独和在主视频分p更新，按照自己的喜好进行观看，主视频请戳BV1vS4y1d7qN 为了更加便捷的收看到此系列视频不要忘记一键三连呀~喜欢我的话记得关注我的频道哦【比心】,http:\/\/www.bilibili.com\/video\/av336641352
162,225,BV1Y44y1e7wJ,65,46454,4,钢笔淡彩 水彩 一张人间烟火呀,\/\/i0.hdslb.com\/bfs\/archive\/85d0730f9424d7c25eddbb9527567ab5ca4a5a21.jpg,26,1026,-,http:\/\/www.bilibili.com\/video\/av976558068
162,226,BV1G34y1d7GN,111,46222,70,20211113,\/\/i0.hdslb.com\/bfs\/archive\/09938ca9b1a21f8f6ac16a88d9c739a0e51f6c82.jpg,229,3561,色彩打卡60天 微博@电子坟头 参考：邓川,http:\/\/www.bilibili.com\/video\/av806681398
162,227,BV1TP4y157dn,611,46155,369,鉴定一下网络热门绘画视频，这样的教程也有人敢发出来？,\/\/i0.hdslb.com\/bfs\/archive\/ff943357b8a5f721fd6ddb6c7e26173fb235d883.jpg,128,1117,这期视频结尾说了我们为什么一直在吐槽网络上那些不靠谱的小技巧和教程，就像张辰亮老师一直坚持辟谣水猴子一样，如果绘画的标准被拉低，那将会有越来越多糊弄人的作品出现。 我们的原创课程 - 基础： http:\/\/bit.ly\/KursPODSTAWY 插图在这里 https:\/\/twitter.com\/BTG_Art 在 IG 上关注我们！——https:\/\/instagram.com\/blondynkitezgraja,http:\/\/www.bilibili.com\/video\/av891609799
162,228,BV19h411t7zw,22,46137,8,【至尚君】听说你家钱多？我家...图层多,\/\/i0.hdslb.com\/bfs\/archive\/4151ba800da799fc754f5027702e56cdd44d9da6.jpg,56,311,,http:\/\/www.bilibili.com\/video\/av209075165
162,229,BV1Qr4y1r7c5,31,45274,26,线条的力量,\/\/i0.hdslb.com\/bfs\/archive\/fec861e8ea267912de57fd3d34db77145af0d823.jpg,58,2280,-,http:\/\/www.bilibili.com\/video\/av764205483
162,230,BV1KQ4y1U7nA,133,45197,53,【明日方舟】安哲拉の败北,\/\/i0.hdslb.com\/bfs\/archive\/09a54941c9105b0001bdbdf7b94669b37250a751.jpg,248,679,角色：【新增服饰】\/\/暗矢 - 安哲拉 绘画整活，内容虚构，感谢关注，已画质提升，图等动态\/专栏。 整活官图不改未授权私图，也不接改图，只是整活，请勿造谣，感谢支持。绘画软件是SAI2。 BGM：佐倉薫,関口理咲 - 時を刻む唄 （仅整活不要上传P站等绘画网站当自己作品）版权属于明日方舟,http:\/\/www.bilibili.com\/video\/av719175136
162,231,BV1kr4y1C7v1,290,44765,19,没有人比Ta会搞颜色？（绘画人必备）,\/\/i0.hdslb.com\/bfs\/archive\/9b70a03c2fdd51bd8dbe7a7e4e26cd315a39c9c5.jpg,199,6783,点赞投币三连了吗？真诚是相互的哦。 链接：https:\/\/pan.baidu.com\/s\/16j3ZZqXRUDCBU2WTInwl5A  提取码：257e,http:\/\/www.bilibili.com\/video\/av764041167
162,232,BV1eQ4y1m7XL,541,44253,433,终于画完一本水彩本了！开启欢乐的翻翻看吧！,\/\/i0.hdslb.com\/bfs\/archive\/66b2e67c0d09efd7216a1b20cd0fd7631fc0d956.jpg,187,1139,等待课代表的出现！,http:\/\/www.bilibili.com\/video\/av719072298
162,233,BV1Ub4y1t7Nn,223,44076,19,【iPad绘画】天冷了 来一份关东煮当壁纸 新手进阶procreate教程 零基础也要敢于尝试哦,\/\/i0.hdslb.com\/bfs\/archive\/7d0cc6e90801b1e73997ba04a299846f6678d6ad.jpg,90,1158,iPad pro 11寸 + pencil app：procreate 笔刷：见字幕标注 bgm：us feat. ゆきな,http:\/\/www.bilibili.com\/video\/av634245873
162,234,BV1bY411x73z,171,43706,308,【部落冲突】挑战12种风格的野蛮人，能否推平14本？,\/\/i0.hdslb.com\/bfs\/archive\/2a0686b410ac16a5df901faf566cec438928b716.jpg,87,562,用8种动漫风格画蜜璃：https:\/\/www.bilibili.com\/video\/BV1JU4y1F7tj?spm_id_from=333.999.0.0 想看更多风格的趣味绘画视频，请点击个人主页 https:\/\/space.bilibili.com\/1295202803  https:\/\/www.youtube.com\/watch?v=ql0q6ofq-30,http:\/\/www.bilibili.com\/video\/av251713447
162,235,BV15h411b7ZL,1084,43705,197,这10个软件功能，数字绘画初学者务必掌握！,\/\/i0.hdslb.com\/bfs\/archive\/466bbbf06f899ec2a39b8fb55a53a2d915df799c.jpg,103,3475,如果你刚接触数字绘画，或不擅长软件，这10个软件功能是你应优先掌握的！  扩展选区并填充的Photoshop动作： 链接：https:\/\/pan.baidu.com\/s\/14OJVVCfhrLRU-xvptvxgwg  提取码：skmd  协力@卡米雷特,http:\/\/www.bilibili.com\/video\/av209177900
162,236,BV1u34y1d7c5,71,43235,63,【宋亚轩素描】如果画画有段位,\/\/i0.hdslb.com\/bfs\/archive\/498b0f080bd299c8627c3d5739fbd9cfd1432796.jpg,57,715,-,http:\/\/www.bilibili.com\/video\/av806666967
162,237,BV1z44y1e7h4,14,42490,9,手型绘画小技巧,\/\/i0.hdslb.com\/bfs\/archive\/11bef081080c83b003ef3991a0173bb19e98639e.jpg,33,995,不断的更新绘画过程详解，喜欢画画的伙伴们一定要关注up 想学习更多绘画知识请添加up微信：sumiao580 更多绘画教程和美院老师直播公开课等着你哦~ 欢迎评论和转发哦~ 感谢您的支持！,http:\/\/www.bilibili.com\/video\/av976616637
162,238,BV1W341187VP,24,42164,6,史国良居然赠送一幅特殊作品给他！这个幸运儿是如何做到的？,\/\/i0.hdslb.com\/bfs\/archive\/9d5286644e2ab89c97323d2a856c586f08494c2c.jpg,92,139,,http:\/\/www.bilibili.com\/video\/av421682353
162,239,BV1D44y1e75C,1095,41112,204,答疑！关于“3个月提升画技的自主练习方法”,\/\/i0.hdslb.com\/bfs\/archive\/714c694536dcffecb57239e69f1d9ac16f99b7be.jpg,169,2631,之前“3个月提升画技”的视频收获了很好的反响，但也收到了很多提问。 因此我将进行一次答疑，应该能让你获得更好的练习效果吧?  三个月提升画技： BV1ah411t75N  Twitter相关Tag： #3ヶ月でさいとうなおきを倒す  协力@卡米雷特,http:\/\/www.bilibili.com\/video\/av976646585
162,240,BV15L411g7rm,43,40800,20,【procreate绘画】oc摸鱼,\/\/i0.hdslb.com\/bfs\/archive\/59d0ea8ad897329b4c802eed08e4afd94f209b48.jpg,165,2267,akuma：“你为什么变得这么小？” exile：“......哼”  关于儿子跟干儿子的互动摸鱼，虽然卡哇1是1，但不妨碍我儿子反攻,http:\/\/www.bilibili.com\/video\/av464228205
162,241,BV1L44y1v72a,78,40690,32,假如故宫博物馆里的葫芦成精...,\/\/i0.hdslb.com\/bfs\/archive\/791822d2f38e4a59d51b402990df8ab1c184cc49.jpg,85,1145,画个葫芦文物拟人~,http:\/\/www.bilibili.com\/video\/av976696166
162,242,BV1EU4y1M7Wh,32,40405,13,有人觉得珠光是鸡肋，以能不能扫描为评价标准？笑死,\/\/i0.hdslb.com\/bfs\/archive\/99be0a61e141f306c430ae90fe399bbf3e55ac49.jpg,43,1104,-,http:\/\/www.bilibili.com\/video\/av676602039
162,243,BV1Ag411T7J8,54,39975,40,教您画螃蟹啦,\/\/i0.hdslb.com\/bfs\/archive\/d5ec271cf935cb01d89ecc02a92777a96780360b.jpg,92,117,-,http:\/\/www.bilibili.com\/video\/av506630740
162,244,BV1vS4y197A6,140,39473,113,骗徒先生的心值多少钱呢？,\/\/i0.hdslb.com\/bfs\/archive\/3c72a0138780bb704a355ab6e6f7e59c625c67ef.jpg,70,2647,再次感谢您的观看 我借简介说一说某些画面的意思 第一点那个雷狮海盗团的三位成员往前走而帕洛斯却往后，我想表达的是在大赛中帕洛斯的牺牲 第二点就是那个修勾是我三次元养的，修喵是总去我们家蹭吃的流浪猫它们好可爱！所以我就想把它们也画进去（夹带私货 最后一点是帕洛斯在结尾的行礼，我专门去搜了一下贵族礼（不知道对不对，我相信你度娘），因为我觉得帕洛斯的家庭如果没有经历那些他也应该是一个贵族的公子吧（仅个人观点） 剩下的就是根据歌词画的，这首歌真的好听！ 画风有些狂草,http:\/\/www.bilibili.com\/video\/av721726150
162,245,BV1ob4y1b7bk,39,39392,9,回答一下关于插画的问题！,\/\/i0.hdslb.com\/bfs\/archive\/8bf809941a9a603379d3c8f128564c4aa2ae891f.jpg,41,2380,希望能早点到10w粉出一期读评论ww加油 私信回复1，获取小gua同款procreate笔刷。 私信回复2，领取小gua试听课一节。 私信回复3，小gua么么哒一个。 最新一期的IPAD板绘课准备启动啦！ 快来加入gua老师小课堂吧~,http:\/\/www.bilibili.com\/video\/av633948774
162,246,BV1U341187q6,124,39069,35,一个会画画的人来做蛋糕，看了有没有怀疑人生？,\/\/i0.hdslb.com\/bfs\/archive\/eac08667af8c91ecfad8d8b03178f021341930a2.jpg,34,81,https:\/\/www.youtube.com\/watch?v=9cPZRQwMvrY 零基础怎样学画画？戳→http:\/\/t.cn\/A6MjmINf 画画如何接单赚钱？戳→http:\/\/t.cn\/A6Mjm5R7 你是否适合学画画？戳→http:\/\/t.cn\/A6MjmMJv,http:\/\/www.bilibili.com\/video\/av421731832
162,247,BV1dL4y1v7cj,462,38843,41,【画师LAM】配色不过三？你懂什么叫人间调色盘,\/\/i0.hdslb.com\/bfs\/archive\/0d2716b3d7fa672b7418692779d2503968dce265.jpg,79,3564,https:\/\/www.youtube.com\/watch?v=mZJZfPZIufs 被称作“行走的调色盘”的宝藏画师——LAM Pixiv:17429,http:\/\/www.bilibili.com\/video\/av849234521
162,248,BV1Sf4y1T7LA,218,38804,29,【光与夜之恋】如果冷的话就回去吧,\/\/i0.hdslb.com\/bfs\/archive\/3bd0050877ea2471201b11afb83851129acbd6be.jpg,138,2886,是一些废稿 经过老板同意把这张稍微细化了一下 BGM：bin-colony,http:\/\/www.bilibili.com\/video\/av379187690
162,249,BV1734y1d7eB,55,38727,10,看起来好舒服,\/\/i0.hdslb.com\/bfs\/archive\/78a2bc6dbc647492fc1c2f261fa48c64765bf33d.jpg,17,576,,http:\/\/www.bilibili.com\/video\/av806662744
162,250,BV1hU4y1M7j8,54765,38708,124,价值三千的儿童插画全集，只要收藏就可以免费学了,\/\/i0.hdslb.com\/bfs\/archive\/593cdeb27a6fbf88373cee08ae5575f59e884dfb.png,59,6746,分享插画快乐。画自己所想，用画笔记录生活中的美好！,http:\/\/www.bilibili.com\/video\/av676676702
162,251,BV1C44y1e75f,137,38542,13,“任何一个美术生都逃不掉画苹果 你可以忘记它的味道 但你绝不可以忘记它的结构”,\/\/i0.hdslb.com\/bfs\/archive\/e83858864b61aabf72223404777edbf1cf140440.jpg,86,1342,-,http:\/\/www.bilibili.com\/video\/av976596398
162,252,BV1w44y1v7Hi,137,38526,57,妈妈问我为什么跪着看视频！大佬用3D打印笔画出大宝剑！,\/\/i0.hdslb.com\/bfs\/archive\/9caa2accf0b310303bcd3e70564faa8c1025b306.jpg,52,153,https:\/\/www.youtube.com\/watch?v=WEqENsot7Nc 零基础怎样学画画？戳→http:\/\/t.cn\/A6Mjmt32 画画如何接单赚钱？戳→http:\/\/t.cn\/A6MjmclA 你是否适合学画画？戳→http:\/\/t.cn\/A6MjmfMF,http:\/\/www.bilibili.com\/video\/av976651174
162,253,BV1UQ4y1S7E7,280,38367,357,猪八戒？爆看~八戒妹妹？好看！王者荣耀猪八戒性转,\/\/i0.hdslb.com\/bfs\/archive\/e2e090a13ac9580ff2aa5b0a370e5a4b0a7e1b13.jpg,181,947,祢豆子，真的只是刚睡醒而已：BV1Qu411o75y,http:\/\/www.bilibili.com\/video\/av719014170
162,254,BV1p34y1Z7Th,70,38104,5,【插画稿】why don’t you say so？,\/\/i0.hdslb.com\/bfs\/archive\/947c1ba0510b401d6301e978c03b02b2e8183977.jpg,74,1898,半身插画稿。私稿勿抱。,http:\/\/www.bilibili.com\/video\/av806576711
162,255,BV1fh411t759,18,37516,30,《联五》,\/\/i0.hdslb.com\/bfs\/archive\/d9a809ae8c0735c6b52d1b1904ebbb0379d9fbab.jpg,52,2319,-,http:\/\/www.bilibili.com\/video\/av209125287
162,256,BV1qP4y157Jd,85,37438,39,【原神】雷神变小了,\/\/i0.hdslb.com\/bfs\/archive\/231ae6b053621a32432f61e91579207ec0b3becd.jpg,140,1136,BGM:はじめましての気持ちを 好久没更改图系列啦~是喝了变小药水变小的雷神~,http:\/\/www.bilibili.com\/video\/av891711423
162,257,BV1yr4y1r7e3,106,37412,22,【zc手书】感觉自己是巨星,\/\/i0.hdslb.com\/bfs\/archive\/a6080c985b8e34e1be74902c8d65c1c7413f8075.jpg,97,443,-,http:\/\/www.bilibili.com\/video\/av764152938
162,258,BV1sY411x7za,491,37346,252,【萌新学人体】大概是全B站最详尽的 后背 绘画攻略~,\/\/i0.hdslb.com\/bfs\/archive\/1b232b9d82a02cb4d8b46ebad08ec5c27a23b976.jpg,75,9831,,http:\/\/www.bilibili.com\/video\/av251666904
162,259,BV1834y1d76y,51,37341,47,【重生细胞】更大！更好！更强的细胞人！,\/\/i0.hdslb.com\/bfs\/archive\/f69e582e866e1348a9984c058fa641d32019bcdf.jpg,91,1055,喝了假酒的产物 （deadcells同人） 原bgm来自：BV1mx411r7hc,http:\/\/www.bilibili.com\/video\/av806736206
162,260,BV1p44y1e76t,195,37224,44,【FNF】从周五夜放克的模组中绘制20个损坏的图标,\/\/i0.hdslb.com\/bfs\/archive\/e87808cd07b41056d76ee66ebbe9be36b97be33d.jpg,23,309,https:\/\/www.youtube.com\/watch?v=j2y9sC0w2uw 欢迎加入灵猫绘画交流群：961533039，100G+海量免费绘画资料素材交流学习！,http:\/\/www.bilibili.com\/video\/av976530666
162,261,BV1AR4y1E72s,248,37161,14,【procreate】“让我坠落，在这凄美地”\/原创oc\/,\/\/i0.hdslb.com\/bfs\/archive\/338352908892c0b2d0af2e16a1e82c81586b1264.jpg,53,4247,BGM：凄美地 图中人物：弥忒亚,http:\/\/www.bilibili.com\/video\/av336448749
162,262,BV1gS4y1d7hm,32,37036,17,30秒简简单单一个祢豆子~,\/\/i0.hdslb.com\/bfs\/archive\/f73b02e25f6ebeff4453515ee7311a6dc6829434.jpg,46,120,https:\/\/www.youtube.com\/watch?v=d9qdkQ4yJuU 测一测，你是否适合学画画~ http:\/\/t.cn\/A6x4JxvM,http:\/\/www.bilibili.com\/video\/av721545705
162,263,BV1oF411876G,137,37021,4,随心所欲的变身换身2,\/\/i0.hdslb.com\/bfs\/archive\/f3641b54579097416555add6a48da5d3a3bcada3.jpg,10,274,心想事成,http:\/\/www.bilibili.com\/video\/av294127613
162,264,BV14F411h7Qn,30,36726,2,水彩中的光束感要怎么画？还不会的宝子们看这里哦～,\/\/i0.hdslb.com\/bfs\/archive\/2c825eef4a2ccdbc31e7c6830ad95a7f713820a9.jpg,19,1758,-,http:\/\/www.bilibili.com\/video\/av294225435
162,265,BV1uq4y137oY,713,36330,57,美院毕业4个月| 存款23w| 存钱心得分享,\/\/i0.hdslb.com\/bfs\/archive\/615aa5cc48d0dfe3d42e074facad330f6b731a96.jpg,199,745,-,http:\/\/www.bilibili.com\/video\/av549007593
162,266,BV1FT4y1R7YY,53,36262,7,当老师开始反向教学时,\/\/i0.hdslb.com\/bfs\/archive\/38927b878f18b9d6ece82f9a0fbc7262c585d5c0.jpg,68,321,代课老师：汤老师 演唱：刘晓艳老师 混音@特别老实的混音师biuC 制作@金渐层烤猪@红豆稀饭中,http:\/\/www.bilibili.com\/video\/av934165667
162,267,BV1oq4y1z7su,306,35784,38,真正的成长…真正的成长…,\/\/i0.hdslb.com\/bfs\/archive\/7b72135310a3fd7267f4eae359250434ad6f4c8c.jpg,84,844,BGM：cyua-grenzlinie,http:\/\/www.bilibili.com\/video\/av591691550
162,268,BV1EP4y157a3,505,35209,314,【潘诚伟】人体线稿怎么练？后附书刊推荐！,\/\/i0.hdslb.com\/bfs\/archive\/940ecc8bc29508abcb13a81b9c13a0baa125994c.jpg,145,3948,兴趣画画：时间无限制 入行画画：每天1小时+ 进好公司：每天3小时+,http:\/\/www.bilibili.com\/video\/av891647410
162,269,BV1W44y1v7Jv,25,35205,18,职业画师找参考会遇到什么,\/\/i0.hdslb.com\/bfs\/archive\/40d5d4e1218db923ce3b40c9a744e138c358e8dc.jpg,73,1589,职业画师找参考,http:\/\/www.bilibili.com\/video\/av976727591
162,270,BV1b341187MR,17,34972,17,【小蔡在东京】危险派对の渣手绘,\/\/i0.hdslb.com\/bfs\/archive\/710072713a805358a7dd3d0bc99a1575cae908ae.jpg,184,677,慢慢学习画画,http:\/\/www.bilibili.com\/video\/av421666294
162,271,BV1i34y1d7CP,133,34920,344,【AO画法】一键上色和打光！颜色困难户必备技巧！,\/\/i0.hdslb.com\/bfs\/archive\/1708f106e1efad163265d38c49a7bd7c86a12044.jpg,134,6561,颜色困难户？不知道用什么颜色？  AO画法，教你一键上色。  上色过程只需色相调整。,http:\/\/www.bilibili.com\/video\/av806723631
162,272,BV16Y411x75W,53,34919,18,【真的不要卷了！】,\/\/i0.hdslb.com\/bfs\/archive\/0c6c9cf1a0dfad6f0814da89c7ded2be75b0a3df.jpg,111,347,-,http:\/\/www.bilibili.com\/video\/av251748476
162,273,BV1W44y1v7mQ,83,34777,25,【头部画法】画女像男？1分钟教你超简单男女不同头部画法！,\/\/i0.hdslb.com\/bfs\/archive\/c6086fb9f8e98a86a3390c61045b9420afcb7142.png,49,3864,超简单头部画法,http:\/\/www.bilibili.com\/video\/av976725489
162,274,BV1LF411h7j3,46,34544,9,教你一招如何快速修复水粉笔,\/\/i0.hdslb.com\/bfs\/archive\/fbc223252a34020efba8113d8ff28038d5f2f051.jpg,52,616,-,http:\/\/www.bilibili.com\/video\/av294223532
162,275,BV1H44y1v7MS,94,34464,27,这样画画，轻松节省一半时间,\/\/i0.hdslb.com\/bfs\/archive\/8fb1e71c8a3ce40118ce0262636df7b5d104321e.jpg,109,881,-,http:\/\/www.bilibili.com\/video\/av976718495
162,276,BV1H44y1v7tx,434,34134,17,【procreate】星夜魔女,\/\/i0.hdslb.com\/bfs\/archive\/4d6ea3cc84ffa4ca9b7f20d197278d94d4dc988d.jpg,54,4409,使用BGM： I&#39;m a piano-中纳良惠； lt&#39;s Over lsn&#39;t lt(feat. Deedee Magno Hall)-Steven Universe, Vol. 1 (Original Soundtrack)  最近腱鞘炎一直没好完，干脆把之前的作画过程剪了一下 是之前画的兔兔捏，让我们祝画纱老师生日快乐（你）,http:\/\/www.bilibili.com\/video\/av976717472
162,277,BV1WU4y1M7af,1129,34075,13,神龙尊者 沃利贝尔 美宣 绘画全流程,\/\/i0.hdslb.com\/bfs\/archive\/197e3487661f134c11e1f39e3feb35ae6953a89a.jpg,146,1130,我喜欢这些歌，因为他们叙述真实，不喜欢的请关闭音量，谢谢。,http:\/\/www.bilibili.com\/video\/av676658384
162,278,BV1Jb4y1t76t,232,33925,135,P站画师│XilmO@夕末│因崇拜开始画画，最后画作故事感惊艳众人！你还不知道这位冷门画师吗？,\/\/i0.hdslb.com\/bfs\/archive\/eb9c7f3bb5b0461cbafdc5170c28993ba025351c.jpg,113,986,推荐画师：XilmO@夕末 P站ID：84900781 主页：https:\/\/www.pixiv.net\/artworks\/84900781 搜图神器应用下载：http:\/\/www.soutushenqi.com\/?pageKey=appDownload （Android\/iOS\/windows皆可下载哦！）  文案：木羽 视频制作：木羽 音乐：Priscilla Ahn - I Don&#39;t Have Time To Be In Love  大家多多给出意见~ 求一键三连一键三连一键三连！,http:\/\/www.bilibili.com\/video\/av634157358
162,279,BV1P44y1v7fp,91,33924,40,【波兰球】各国是怎样对待外国的2,\/\/i0.hdslb.com\/bfs\/archive\/fac3cc909e1283ac6c8ac9c1a2f41aa6291fb2e1.jpg,39,431,每一期都打算做三国国家，排序没有任何特定关系，年代也不一定一致，在做这个系列的时候就是想到哪做到哪  免责声明：本人认为所有民族、国家都值得尊敬 ，本视频纯属娱乐  希望大家看得开心 谢谢你的观看！ (*•̀ᴗ•́*)و ̑̑,http:\/\/www.bilibili.com\/video\/av976665915
162,280,BV11h411x76S,170,33825,84,绘画步骤，如何快速画出一幅完整青绿山水画团扇,\/\/i0.hdslb.com\/bfs\/archive\/8a031bcf3533cdbe545eea62a9248f0aa1a97e26.jpg,116,2832,-,http:\/\/www.bilibili.com\/video\/av209212709
162,281,BV1Zh411x7FV,283,33800,10,【不是画照片的速写练习分享】悄悄说每周10张这样的练习1个月就会变强了~,\/\/i0.hdslb.com\/bfs\/archive\/d9d02ce02b4fbb7a0e13ab05a91676f64e1ad66d.jpg,102,3290,,http:\/\/www.bilibili.com\/video\/av209248878
162,282,BV1wL411g7xs,52,33753,15,【精灵宝可梦】你想要什么?,\/\/i0.hdslb.com\/bfs\/archive\/53b574268744c24de64d390306f439d7ceda42af.jpg,91,511,https:\/\/www.youtube.com\/watch?v=eymOUtUSEHw,http:\/\/www.bilibili.com\/video\/av464219729
162,283,BV1Yv411M7s1,131,33734,57,【拟人向】我好看吗？拿智商换的！,\/\/i0.hdslb.com\/bfs\/archive\/81bea074bd35d7d2e5368feb0b64cde4830f1455.jpg,178,549,很早之前的摸鱼,http:\/\/www.bilibili.com\/video\/av251649191
162,284,BV1Wb4y1t7Yg,508,33695,73,【丙烯画】治愈系丙烯画作品 《黄色的田野》,\/\/i0.hdslb.com\/bfs\/archive\/070191274453c888559a987eec35a688ae99384f.jpg,30,178,https:\/\/www.youtube.com\/watch?v=TFBGUB9oieU,http:\/\/www.bilibili.com\/video\/av634135557
162,285,BV1BR4y1E75N,72,33611,32,油画棒涂鸦•蜡笔小新系列（mini画的保存方法）,\/\/i0.hdslb.com\/bfs\/archive\/e3f814616eb9e662e99a7d2342c16cbbefe88188.jpg,59,888,剩下的快乐 我们一起填满吧！,http:\/\/www.bilibili.com\/video\/av336558910
162,286,BV1Sr4y1r7VF,7216,33216,84,游戏美术中服饰风格分析与设计技巧丨【图形科学大咖课】森谷moriya,\/\/i0.hdslb.com\/bfs\/archive\/1ff26487673e8dc36dfcb1ef84c8ee6df69e1e36.jpg,30,6759,本期嘉宾：【-森谷moriya-】毕业于日本爱知县立艺术大学,目前就职于《高能手办团》项目组担任角色设计,曾参与《诺亚幻想》等二次元项目研发,有多年商业设计经验,擅长日系潮流角色设计及各种表现技法流程研究。  图形科学大咖分享会第五季，9-11月，每周末晚八点，与你不见不散~ 大咖交流群：978180275 加群解锁开课通知哦~,http:\/\/www.bilibili.com\/video\/av764162313
162,287,BV1z341187Rs,57,33214,19,【速写班长杂谈】9期：问问题的时间比练习画画的时间都长，其实也是一种逃避,\/\/i0.hdslb.com\/bfs\/archive\/ed866a87b3d30f23aabbff3ed33ed47932dcbd96.jpg,93,2418,千里之行始于足下,http:\/\/www.bilibili.com\/video\/av421696113
162,288,BV1VU4y1M7ya,80,33210,741,㊗努力的你，考试顺利，成绩优异，法考，公考，考研，考博，司法考试，编制考试都能顺利上岸，一展才华。㊗你和你的家人身体健康，财源广进，众圣护门，大吉大昌！评论区打,\/\/i0.hdslb.com\/bfs\/archive\/d086a8bac1143844133220a6bccc72658d95fc54.jpg,512,220,-,http:\/\/www.bilibili.com\/video\/av676619162
162,289,BV1ab4y1t7Yo,72,32870,38,把张艺兴画着有点帅气。,\/\/i0.hdslb.com\/bfs\/archive\/033fa5a968494ade9e243eff4eabb3dc10fbd8f5.jpg,45,314,把张艺兴画这么帅，可见绘画功底不一般啊,http:\/\/www.bilibili.com\/video\/av634167024
162,290,BV1Q3411b7hn,712,32794,26,【素描头像】完整示范二  很多同学都不太会塑造,\/\/i0.hdslb.com\/bfs\/archive\/38087b66c97bbebb024dcddd5c0901f89ba177bb.jpg,122,2119,-,http:\/\/www.bilibili.com\/video\/av421539875
162,291,BV1cL411g7W9,113,32633,149,波兰球 大英:这孩子多的有点……更别说还有90%的没露面，还有几个孩子很猖狂??????求求你们救救我吧,\/\/i0.hdslb.com\/bfs\/archive\/73e1d2cf82f6d9184961146450ef6f0e7858bff5.jpg,82,666,作者NB,http:\/\/www.bilibili.com\/video\/av464214485
162,292,BV1NL411g7yp,21,32504,10,教你轻松搞定羽毛球的画法,\/\/i0.hdslb.com\/bfs\/archive\/b5badacdd84ec433125eb913ae6c90d8a257c1b8.jpg,15,920,,http:\/\/www.bilibili.com\/video\/av464192211
162,293,BV1cL411u7he,530,32453,102,【丙烯画】治愈系丙烯画作品 《原来男友在这里》,\/\/i0.hdslb.com\/bfs\/archive\/fb0ac71408cb009a035c53ba6e7f00dc8bb69684.jpg,36,209,https:\/\/www.youtube.com\/watch?v=IWd5T-zMTqU 应该是上次失踪的男友无疑了,http:\/\/www.bilibili.com\/video\/av464015538
162,294,BV16P4y157yj,261,32354,37,【JOJO】实锤！荒木抄袭岸边露伴现场！Ψ(￣∀￣)Ψ,\/\/i0.hdslb.com\/bfs\/archive\/c48db755ccf41c6ca5e454293cd642827d313901.jpg,96,443,https:\/\/www.youtube.com\/watch?v=EN2fGN6OOvI&amp;t=52s 你们有看到老师背后的黑蚊子多吗？,http:\/\/www.bilibili.com\/video\/av891690177
162,295,BV18L4y1q7p2,32,32232,16,【至尚君】简易大头如何拥有构图感？裁剪+光斑，尽请收看追光少年,\/\/i0.hdslb.com\/bfs\/archive\/5d3de4b1f3555c5fb92c0c9cde1e6b9f485f30fc.jpg,56,898,标题真是一言难尽哈哈 线稿是在训练营上给大家示范过的案例 后面我又自己添了个色 剪裁了一下 就可以混个更新哈哈哈,http:\/\/www.bilibili.com\/video\/av849017846
162,296,BV1fT4y197Br,62,31945,16,不敢乱写标题了 就写：朝雏拓人,\/\/i0.hdslb.com\/bfs\/archive\/976c127b609446a4b622feab9d45469c14da858f.jpg,63,638,尺寸：12X12 工具: 牛蹄 自动笔  樱花橡皮 百乐自动铅 桌面吸尘器 三菱高光笔 慕娜美纤维笔灰 荷兰白卡纸260g 美卡勒马克笔软头168色＋肤色36色,http:\/\/www.bilibili.com\/video\/av934160549
162,297,BV17v411M7hV,402,31926,51,我完成了天剑的奔跑&amp;走路动作,\/\/i0.hdslb.com\/bfs\/archive\/7b2094e57d307ec1ceb91a4cfbdbb3740163284d.jpg,275,301,走路明明用的还没奔跑的多，却没想到做起来比奔跑的动作还麻烦，这里不得不赞叹12年时魔方工作室那批技术人员对人体工程学的剖析深度，哪怕9年过后，我也达不到他们那样的高度，致敬。,http:\/\/www.bilibili.com\/video\/av251560006
162,298,BV19b4y1t7Gb,4550,31872,40,咸鱼中下游-香港中文大学讲座：我与星星的故事。,\/\/i0.hdslb.com\/bfs\/archive\/77267fcf9e2b408c09a7f67d7345086f6bab4980.jpg,38,1098,本次受邀在香港中文大学（深圳）的讲座内容主要分享了以下内容：1.个人绘画经历。2.绘画中的基础构成与色彩逻辑。3.我如何在艺术中寻找自己。4.艺术是如何帮助我对抗躁郁症的（仅供参考）。如果对大家有帮助的话欢迎三连哦，比心~,http:\/\/www.bilibili.com\/video\/av634236327
162,299,BV1Sf4y1T7u4,243,31627,43,竟无语凝噎…,\/\/i0.hdslb.com\/bfs\/archive\/aec60f8c9b636b549126267d27d06e13c179e13f.jpg,252,183,假的假的假的都是假的殇了狠狠地殇了,http:\/\/www.bilibili.com\/video\/av379189047
162,300,BV16b4y1t7jg,2694,31566,33,【水彩】当我不会配色时……（p2原速视频）,\/\/i0.hdslb.com\/bfs\/archive\/05e01f414579cb1b97dfa8e71b59b943298f02ee.jpg,102,1074,老规矩点赞1000或者收藏500解锁原速视频！最近视频没什么人看，走过路过给个赞叭！ 有一说一红黑配色yyds，蓝紫，红黑基本上怎么涂都不会出错hhh 最近在忙着上课还有学校里的各种活动，就很累，周末也没休息，时间都是排的满满的。我也不知道为什么会这么忙，都没时间画画没时间看剧QAQ 最近疫情又有些严重了，大家注意防疫，天气有点冷，多穿点衣服注意保暖！ 工具： 笔：和雅轩明月，素染，妙语 纸：宝虹 颜料：鲁本斯宝石 线稿画师：茧逆子（茧哥永远滴神）,http:\/\/www.bilibili.com\/video\/av634223525
